_id, description, financings, states, title
{ "$oid" : "5265bbcc11e44c924100006a"},"INVESTIMENTOS NO SISTEMA DE ABASTECIMENTO DE AGUA, DO PROGRAMA DE REDUCAO DE PERDAS E SISTEMAS DE ESGOTAMENTO SANITARIO DA EMPRESA, NO MUNICIPIO DE MANAUS-AM.",[ ],[ "Amazonas"],"Saneamento e abastecimento de água em Manaus (AM)"
{ "$oid" : "5265bf74d984b94f87000008"},"EXPANSÃO DA MALHA DA ALL - AMÉRICA LATINA LOGÍSTICA MALHA NORTE S.A. (EXFERRONORTE), COM A CONSTRUÇÃO DE CERCA DE 262 KM ENTRE ALTO ARAGUAIA ERONDONOPOLIS, ESTADO DO MATO GROSSO.",[ ],[ "Mato Grosso"],"Expansão da malha ferroviária entre Alto Araguaia (MT) e Rondonópolis (MT)"
{ "$oid" : "5265c6dc40a44e0e8900000d"},"AMPLIACAO E MODERNIZACAO DE SEIS CENTROS OPERATIVOS DE GLP; AMPLIACAO DO DEPOSITO DE J. PESSOA-PB; CONSTRUCAO DE UMA CENTRAL DE ABASTECIMENTO DE FLEXGAS NA ALUMAR,EM SAO LUIZ-MA; E CONSTRUCAO DE UMA ESTACAO DE CONTROLE DE COMPOSICAO DE FILTRAGEM P/PROPANO E BUTANO NO CENTRO OPERATIVO DE CAPUAVA-SP.",[ ],[ ],"Plano de Investimentos Liquigás"
{ "$oid" : "5265c7a940a44e0e8900000f"},"AMPLIAR A MELHORIA DE SISTEMAS DE ABASTECIMENTO DE AGUA E IMPLANTACAO DE SISTEMAS DE ESGOTAMENTO SANITARIO EM MUNICIPIOS DO INTERIOR DO ESTADO DO ACRE",[ ],[ "Acre"],"Saneamento e abastecimento de água no Acre"
{ "$oid" : "5265cd1440a44e0e89000014"},"Ampliação e modernização da infra-estrutura social, econômica e da administração do Estado de Rondônia.",[ ],[ "Rondônia"],"Ampliação e modernização da administração pública de Rondônia"
{ "$oid" : "5265d8e440a44e0e89000018"},"AQUISICAO DE MAQUINAS E ALTERACAO DE PROCESSO PARA REDUCAO DA UMIDADE DOS PRODUTOS GRANULADO E FINO.",[ ],[ ],"Aquisição de máquinas para mineração"
{ "$oid" : "5265da1740a44e0e8900001b"},"AQUISICAO DE SISTEMA DE MANUSEIO E TRANSPORTE, DENOMINADO 5A LINHA DE EMBARQUE, QUE SERA INSTALADO NO TERMINAL MARITIMO DE PONTA DA MADEIRA-TMPM (SAO LUIS-MA), PARA ATENDIMENTO DO PROJETO PIER IV.",[ ],[ "Maranhão"],"Sistema de manuseio e transporte do Porto de São Luís (MA)"
{ "$oid" : "5265da8940a44e0e8900001d"},"AQUISIÇÃO DE UM SISTEMA DE MANUSEIO DE ESTÉRIL PARA ATENDIMENTO A MINA N4E, NO COMPLEXO DE CARAJÁS, EM PARAUAPEBAS (PA), E AQUISIÇÃO DE DOIS CARREGADORES DE NAVIOS E DE UM SISTEMA DE TRANSPORTE E MANUSEIO DE CARGAS PARA ATENDIMENTO AO PROJETO PIER IV, EM SÃO LUÍS (MA).",[ ],[ "Pará"],"Sistema de manuseio para mina N4E e porto de São Luís (MA)"
{ "$oid" : "5265dc1540a44e0e89000021"},"CONSTRUÇÃO DE DEZOITO BALSAS GRANELEIRAS, TRES EMPURRADORESE UMA BALSA COM GUINDASTE PARA TRANSPORTE DE FERRO GUSA E MINERIOS DA REGIAO DE CARAJAS.IMPLANTAÇÃO DE UMA ESCOLA PARA FLUVIARIOS, EM MARABA-PA.",[ ],[ ],"Compra de balsas graneleiras para ferro gusa e outros equipamentos"
{ "$oid" : "5265dc2d40a44e0e89000023"},"CONSTRUCAO DE PONTE SOBRE O RIO NEGRO, INTERLIGANDO OS MUNICIPIOS DE MANAUS E IRANDUBA, COM ACESSOS VIARIOS NAS DUAS MARGENS E OBRAS COMPLEMENTARES NA AREA DE INFLUENCIA DIRETA, POSSIBILITANDO IMPLEMENTAR POLITICAS PUBLICAS PARA O DESENVOLVIMENTO SOCIOECONOMICO ORGANIZADO DA RM DE MANAUS - PMI",[ { "$oid" : "5268120cf845eb0000000022"}],[ ],"Ponte sobre o Rio Negro"
{ "$oid" : "5265dc5240a44e0e89000025"},"CONSTRUCAO DE UM TERMINAL RODO-FERROVIARIO  COM   CAPACIDADEINSTALADA DE 4,2 MILHOES DE TONELADAS/ANO DESTINADA A   PRESTAR SERVICOS DE TRANSBORDO, ARMAZENAGEM E BENEFICIAMENTO  DEGRAOS, NO MUNICIPIO DE ITIQUIRA, MATO GROSSO.",[ ],[ ],"Terminal Rodoferroviário de Itiquira (MT)"
{ "$oid" : "5265de9d40a44e0e89000027"},"CONSTRUÇÃO DO GLPDUTO URUCU-COARI, DO GASODUTO COARI-MANAUS, DE RAMAIS DE ESCOAMENTO EM SETE MUNICÍPIOS E DE DUAS ESTAÇÕES DE COMPRESSÃO.",[ { "$oid" : "52673e564e78700000000008"}],[ ],"GLPDuto Urucu-Coari, Gasoduto Coari-Manaus, ramais e estações de compressão"
{ "$oid" : "5265ee3a40a44e0e89000058"},"IMPLANTACAO DA UTE PORTO DO ITAQUI, LOCALIZADA NO DISTRITO INDUSTRIAL DE SAO LUIS, MUNICIPIO DE SAO LUIS-MA, COM CAPACIDADE INSTALADA DE GERACAO DE 360 MW, BEM COMO LINHA DE TRANSMISSAO EM 230 KV, CIRCUITO DUPLO, CONECTANDO-SE AO SISTEMA ELETRICO DA ELETRONORTE, NA SUBESTACAO SAO LUIS II.",[ { "$oid" : "52673944054aaf0000000019"} , { "$oid" : "526820a2f845eb0000000040"}],[ ],"Usina Termelétrica Porto do Itaqui"
{ "$oid" : "525c5c8372e56d0000000009"},"Construção de unidade produtora de celulose e infraestrutura em Imperatriz (MA).",[ { "$oid" : "52673786054aaf0000000002"} , { "$oid" : "52680bc6f845eb000000000b"}],[ "Maranhão"],"Unidade produtora de celulose em Imperatriz (MA)"
{ "$oid" : "5265ee0540a44e0e89000056"},"IMPLANTAÇÃO DA USINA HIDRELETRICA (UHE) DARDANELOS, COM 261 MW DE CAPACIDADE INSTALADA, A SER LOCALIZADA NO RIO ARIPUANA, NO MUNICÍPIO DE ARIPUANA/MT, BEM COMO DO RESPECTIVO SISTEMA DE TRANSMISSAO ASSOCIADO.",[ { "$oid" : "52680fb6f845eb0000000016"}],[ ],"UHE Dardanelos"
{ "$oid" : "5265ded840a44e0e89000029"},"ELABORAÇÃO DO PROJETO EXECUTIVO DA ARENA DA AMAZONIA E SUA CONSTRUÇÃO.",[ { "$oid" : "5268122cf845eb0000000024"}],[ "Amazonas"],"Arena da Amazônia"
{ "$oid" : "5265efb840a44e0e89000060"},"Implantação de termelétricas a gás no município de Santo Antônio dos Lopes (MA).",[ { "$oid" : "5267390a054aaf0000000015"} , { "$oid" : "5268125cf845eb0000000027"}],[ ],"Termelétricas a gás no município de Santo Antônio dos Lopes (MA)"
{ "$oid" : "5265bfe840a44e0e89000003"},"IMPLANTAÇÃO DO PLANO DE INVESTIMENTOS 2009/2012 DO GRUPO ALL, REFERENTE AS EMPRESAS AMÉRICA LATINA LOGÍSTICA MALHA SUL S/A., FERRONORTE S/A. - FERROVIAS NORTE BRASIL, FERROBAN-FERROVIAS BANDEIRANTES S/A. E FERROVIA NOVOESTE S/A.",[ { "$oid" : "52673e084e78700000000003"} , { "$oid" : "5268184bf845eb000000002e"}],[ ],"Plano de investimentos ALL Logística 2009-2012"
{ "$oid" : "525d9777d552254d2f000005"},"IMPLANTACAO DE INFRA-ESTRUTURA PARA EXPLORACAO DE MINA DE BAUXITA, COM\r\nCAPACIDADE DE PRODUCAO DE 2,6 MILHOES T/ANO, EM JURUTI-PA.",[ { "$oid" : "52673962054aaf000000001b"} , { "$oid" : "52681887f845eb0000000030"}],[ "Pará"],"Mina de Bauxita Alcoa em Juruti (PA)"
{ "$oid" : "5268204ef845eb000000003c"},"IMPLANTACAO DE UMA UNIDADE INTEGRADA EM CUIABA-MT, COM CAPACIDADE PARA PRODUZIR 1,2 MILHAO DE T/ANO DE CIMENTO.",[ { "$oid" : "52682083f845eb000000003e"}],[ "Mato Grosso"],"Planta de Cimento em Cuiabá (MT)"
{ "$oid" : "5265df3940a44e0e8900002b"},"EXPANSAO DA UNIDADE DE FABRICACAO DE BOPP - POLIPROPILENO BIORIENTADO LOCALIZADA EM MANAUS (DE 37.500 TONELADAS/ANO PARA 112.500 TONELADAS/ANO), A PARTIR DA IMPLANTACAO DE DUAS NOVAS LINHAS DE PRODUCAO.",[ ],[ "Amazonas"],"Unidade Produtora de Polipropileno em Manaus (AM)"
{ "$oid" : "5265df6440a44e0e8900002d"},"EXPANSAO DO SANEAMENTO AMBIENTAL E DA INFRAESTRUTURA URBANA, FORTALECIMENTO ECONOMICO DA PROCUCAO RUAL FAMILIAR E DO ECOTURISMO, DESENVOLVIMENTO DO SETOR INDUSTRIAL E MODERNIZACAO DA GESTAO PUBLICA, NO AMBITO DA FASE V DO PROGRAMA INTEGRADO DE DESENVOLVIMENTO SUSTENTAVEL DO ESTADO DO ACRE - PIDS V.",[ ],[ ],"Programa integrado de desenvolvimento sustentável do Estado do Acre"
{ "$oid" : "5265df9d40a44e0e8900002f"},"EXPANSÃO DO SISTEMA INTEGRADO DE TRANSPORTES - SIT, NO MUNICÍPIO DE SÃO LUÍS-MA, ABRANGENDO INTERVENÇÕES NAS PRINCIPAIS VIAS, IMPLANTAÇÃO DE CICLOVIAS, CANALIZAÇÃO DE TRECHO, BEM COMO AMPLIAÇÃO DE UM TERMINAL DE TRANSPORTE PÚBLICO",[ ],[ ],"Sistema de transportes de São Luís (MA)"
{ "$oid" : "5265e00c40a44e0e89000031"},"FORTALECIMENTO DO TURISMO;IMPLANTAÇÃO DE INFRA-ESTRUTURA URBANA E DE SANEAMENTO, DE SAUDE E EDUCAÇÃO, DE DESENVOLVIMENTO ECONOMICO E INTEGRAÇÃO, DE COMUNICAÇÃO E DESENVOLVIMENTO SOCIAL; E MODERNIZAÇÃO DO SISTEMA DE GESTAO ESTADUAL, NO AMBITO DOS COMPONENTES I A VII DO PIDSIII.",[ { "$oid" : "52680ba6f845eb0000000009"} , { "$oid" : "5268100cf845eb000000001a"}],[ "Acre"],"Saneamento, infra-estrutura urbana e outros investimentos no Estado do Acre"
{ "$oid" : "5265e06640a44e0e89000033"},"Implantação de estação retificadora de energia elétrica na subestação de Porto Velho (RO) e de estação inversora na subestação de Araraquara 2 (SP).",[ ],[ ],"Estações retificadora e inversora de energia elétrica"
{ "$oid" : "5265e10840a44e0e89000036"},"IMPLANTACAO DA LINHA DE TRANSMISSAO EM 500 KV, ENTRE A SUBESTACAO CUIABA E RIBEIRAOZINHO, - MT; E DA LINHA DE TRANSMISSAO EM 500 KV, ENTRE A SUBESTACAO RIBEIRAOZINHO E RIO VERDE NORTE - GO,  REFERENTES AO LEILAO DO COMPLEXO DO RIO MADEIRA.",[ ],[ "Goiás" , "Mato Grosso"],"Linha de transmissão entre Cuiabá, Ribeirãozinho e Rio Verde do Norte"
{ "$oid" : "5265e60b40a44e0e89000039"},"IMPLANTACAO DA LINHA DE TRANSMISSAO ORIXIMINA (PA) - ITACOATIARA (AM) - CARIRI (AM), EM 500 KV, COM APROXIMADAMENTE 586 KM DE EXTENSAO, E DAS SUBESTACOES ITACOATIARA E CARIRI.",[ { "$oid" : "526811ddf845eb0000000020"}],[ "Amazonas" , "Pará"],"Linha de transmissão entre Oriximiná (PA), Itacoatiara (AM) e Cariri (AM)"
{ "$oid" : "5265e65540a44e0e8900003c"},"IMPLANTACAO DA LINHA DE TRANSMISSAO PORTO VELHO (RO) - ABUNA (RO) - RIO BRANCO (AC), EM CIRCUITO SIMPLES, 230 KV, COM EXTENSAO DE 487 KM.",[ ],[ ],"Linha de transmissão Porto Velho (RO), Abuna (RO) e Rio Branco (AC)"
{ "$oid" : "5265ea7440a44e0e89000040"},"IMPLANTACAO DA LT JAURU - CUIABA EM 500 KV, COM 348 KM, E RESPECTIVAS SUBESTACOES JAURU E AMPLIACAO DA SUBESTACAO CUIABA, LOCALIZADOS NO ESTADO DO MATO GROSSO, OBJETO DO LOTE E DO LEILAO 001/2009 DA ANEEL.",[ ],[ ],"Implantação da linha de transmissão Jauru (MT) - Cuiabá (MT)"
{ "$oid" : "5265eafb40a44e0e89000042"},"IMPLANTAÇÃO DA PCH BOCAIUVA, NO RIO CRAVARI, MUNICÍPIO DE BRASNORTE-MT, COM CAPACIDADE INSTALADA DE 30 MW, BEM COMO DO RESPECTIVO SISTEMA DE TRANSMISSAO ASSOCIADO, NECESSARIO A INTERLIGAÇÃO COM A CENTRAIS ELETRICAS MATOGROSSENSES - CEMAT.",[ ],[ ],"Pequena Central Hidréletrica Bocaiúva"
{ "$oid" : "5265eb2640a44e0e89000044"},"IMPLANTACAO DA PCH CIDEZAL, LOCALIZADA NO RIO JURUENA, ENTRE OS MUNICIPIOS DE SAPEZAL E CAMPOS DE JULIO, AMBOS NO ESTADO DO MATO GROSSO, COM POTENCIA TOTAL INSTALADA DE 17,0 MW, BEM COMO DA LT EM 138 KV, CIRCUITO DUPLO, COM 230 KM DE EXTENSAO",[ ],[ ],"Pequena Central Elétrica Cidezal"
{ "$oid" : "5265ebd940a44e0e89000046"},"IMPLANTACAO DA PCH PARECIS, LOCALIZADA NO RIO JURUENA, ENTREOS MUNICIPIOS DE SAPEZAL E CAMPOS DE JULIO, AMBOS NO ESTADODO MATO GROSSO, COM POTENCIA TOTAL INSTALADA DE 15,4 MW, BEMCOMO DA LT EM 138 KV, CIRCUITO SIMPLES, COM 23 KM DE EXTENSAO",[ ],[ ],"PCH Parecis"
{ "$oid" : "5265ec2840a44e0e89000048"},"IMPLANTACAO DA PCH RONDON, LOCALIZADA NO RIO JURUENA, ENTREOS MUNICIPIOS DE SAPEZAL E CAMPOS DE JULIO, AMBOS NO ESTADODO MATO GROSSO, COM POTENCIA TOTAL INSTALADA DE 13,0 MW, BEM COMO DA LT EM 138 KV, CIRCUITO SIMPLES, COM 47 KM DE EXTENSAO, NECESSARIA PARA INTERLIGACAO A REDE BASICA.",[ ],[ ],"PCH Rondon"
{ "$oid" : "5265ec3f40a44e0e8900004a"},"IMPLANTACAO DA PCH SANTA GABRIELA, COM POTENCIA TOTAL INSTALADA DE 24 MW, NO RIO CORRENTES, DIVISA DOS MUNICIPIOS DE ITIQUIRA-MT E SONORA-MS, BEM COMO DA LINHA DE TRANSMISSAO NECESSARIA A INTERLIGACAO AO SISTEMA ELETRICO DA CEMAT - CENTRAIS ELETRICAS MATOGROSSENSES S.A.",[ ],[ ],"PCH Santa Gabriela"
{ "$oid" : "5265ec5040a44e0e8900004c"},"IMPLANTACAO DA PCH SAPEZAL, LOCALIZADA NO RIO JURUENA, ENTREOS MUNICIPIOS DE SAPEZAL E CAMPOS DE JULIO, AMBOS NO ESTADODO MATO GROSSO, COM POTENCIA TOTAL INSTALADA DE 16,0 MW, BEM COMO DA LT EM 138 KV, CIRCUITO SIMPLES, COM 16 KM DE EXTENSAO, NECESSARIA PARA INTERLIGACAO A REDE BASICA.",[ ],[ ],"PCH Sapezal"
{ "$oid" : "5265ec8240a44e0e8900004e"},"IMPLANTACAO DA PCH TELEGRAFICA, LOCALIZADA NO RIO JURUENA, ENTRE OS MUNICIPIOS DE SAPEZAL E CAMPOS DE JULIO, AMBOS NO ESTADO DO MATO GROSSO, COM POTENCIA TOTAL INSTALADA DE 30,0 MWBEM COMO DA LT EM 138 KV, CIRCUITO SIMPLES, COM 53 KM DE EXTENSAO",[ ],[ ],"PCH Telegráfica"
{ "$oid" : "5265ec9840a44e0e89000050"},"IMPLANTAÇÃO DA PEQUENA CENTRAL HIDRELETRICA (PCH) SALTO COM 19 MW DE CAPACIDADE, NO RIO JAURU, BACIA HIDROGRAFICA DO RIOPARAGUAI, NOS MUNICÍPIOS DE JAURU E INDIAVAI, ESTADO DO MATOGROSSO, E DA LINHA DE TRANSMISSAO ASSOCIADA.ICO DA CEMAT.",[ ],[ ],"PCH Salto"
{ "$oid" : "5265ecab40a44e0e89000052"},"IMPLANTACAO DA SUBESTACAO COLETORA PORTO VELHO EM 500/230 KV, DE DUAS ESTACOES CONVERSORAS CA/CC/CA TIPO BACK-TO-BACK DE 400 MW CADA E DA LINHA DE TRANSMISSAO EM 230 KV, DOIS CIRCUITOS SIMPLES, COM EXTENSAO APROXIMADA DE 17,3 KM, COM ORIGEM NA SUBESTACAO COLETORA PORTO VELHO E TERMINO NA MESMA.",[ { "$oid" : "52680f6ef845eb0000000014"} , { "$oid" : "526818c7f845eb0000000032"}],[ ],"Implantação da subestação e de estações conversoras em Porto Velho (RO)"
{ "$oid" : "5265edbf40a44e0e89000054"},"IMPLANTACAO DA UHE SANTO ANTONIO DO JARI COM 373 MW DE POTENCIA INSTALADA, LOCALIZADA NO RIO JARI, ENTRE OS MUNICIPIOS DE ALMEIRIM (PA) E LARANJAL DO JARI (AP), OBJETO DO 11§ LEILAO DE ENERGIA NOVA (2010) DA ANEEL.",[ { "$oid" : "526739fb054aaf000000001e"}],[ ],"UHE Santo Antonio do Jari"
{ "$oid" : "5265ef6740a44e0e8900005c"},"IMPLANTACAO DAS LINHAS DE TRANSMISSAO CUIABA - NOBRES E NOBRES C2 - NOVA MUTUM DE 230 KV, OBJETOS DO LEILAO ANEEL Nº 005 /2009, LOTE D, LOCALIZADAS NO ESTADO DO MATO GROSSO, COM EXTENSAO TOTAL DE 235 KM.",[ ],[ ],"Linhas de transmissão Cuiabá-Nobres (MT) e Nobres C2-Nova Mutum (MT)"
{ "$oid" : "5265ef9d40a44e0e8900005e"},"IMPLANTAÇÃO DE DOIS ALTOS-FORNOS PARA PRODUÇÃO DE 500 MIL T/ANODE FERRO GUSA E UMA PLANTA DE SINTERIZAÇÃO, EM BARCARENA -PA.",[ ],[ ],"Alto-fornos e planta de sinterização em Bacarena (PA)"
{ "$oid" : "5265f08c40a44e0e89000062"},"IMPLANTACAO DE INFRA-ESTRUTURA DE URBANIZACAO, SANEAMENTO,AGUA ENERGIA E COMUNICACAO DO PARQUE DE CIENCIA E TECNOLOGIA GUAMA (PCT GUAMA) A SER INSTALADO NO CAMPUS DA UNIVERSIDADE FEDERAL DO PARA, BEM COMO A CONSTRUCAO DOS PREDIOS PARAADMINISTRACAO E PARA A INCUBADORA DE EMPRESAS",[ ],[ ],"Saneamento e abastecimento do PCT Guama"
{ "$oid" : "5265f0cb40a44e0e89000064"},"IMPLANTAÇÃO DE INFRAESTRUTURA DE SANEAMENTO, DE MICRO E DE MACRODRENAGEM E DE URBANIZAÇÃO DE CARÁTER COMPLEMENTAR NA REGIÃO DAS SUB-BACIAS 3 E 4 DA BACIA HIDROGRÁFICA DA ESTRADA NOVA NO MUN-BELEM/PA",[ ],[ ],"Investimentos em saneamento, drenagem e urbanização no município de Belém (PA)"
{ "$oid" : "5265f12d40a44e0e89000067"},"IMPLANTACAO DE PATIO DE ARMAZENAGEM COM CAPACIDADE ESTATICA SUPERIOR A 49 MILHOES DE LITROS DE COMBUSTIVEL DERIVADOS DE PETROLEO E BIOCOMBUSTIVEL E DE PORTO FLUTUANTE PARA RECEPCAO E DISTRIBUICAO DE COMBUSTIVEIS, EM ITACOATIARA - AM.",[ ],[ ],"Pátio de Armazenagem e Porto Flutuante em  Itacoatiara (AM)"
{ "$oid" : "5265f1c640a44e0e8900006a"},"IMPLANTACAO DE PROGRAMA DE INVESTIMENTOS EM SANEAMENTO, EDUCACAO, SAUDE E DESENVOLVIMENTO SOCIAL, NOS MUNICIPIOS DO ESTADO DO PARA SITUADOS NA AREA DE INFLIENCIA DA COMPANHIA VALEDO RIO DOCE(VALE), COM RECURSOS NAO REEMBOLS. PROVENIENTES DO FUNDO P/O DESENV.REGIONAL C/RECURSOS DA DESESTATIZACAO FRD",[ ],[ ],"Programa de investimentos em saneamento, educação e outras áreas no Pará"
{ "$oid" : "5265f1fb40a44e0e8900006c"},"IMPLANTACAO DE TERMINAL INTERMODAL RODOFERROVIARIO EM ALTO TAQUARI - MT, EXPANSAO DE CAMARA FRIGORIFICADA EXISTENTE EM CUBATAO - SP E CONSTRUCAO DE RAMAL FERROVIARIO EM CUBATAO - SP.",[ ],[ ],"Pacote de investimentos Brado Logística"
{ "$oid" : "5265f22b40a44e0e8900006e"},"IMPLANTAÇÃO DE UNIDADE DE MOAGEM DE CIMENTO DO TIPO PORTLAND DE ALTO FORNO (CP III), COM CAPACIDADE DE PRODUÇÃO DE 460 MIL T/ANO, NO MUNICÍPIO DE BARCARENA - PA.",[ ],[ ],"Planta de moagem de cimento em Barbacena (PA)"
{ "$oid" : "5265f39e40a44e0e89000070"},"IMPLANTACAO DE UNIDADE INDUSTRIAL PARA PRODUCAO INTEGRADA DE FERTILIZANTES DO TIPO SUPER FOSFATO SIMPLES(SSP) GRANULADO COM CAPACIDADE NOMINAL DE PRODUCAO DE 600 MIL T/ANO, NO MUNICIPIO DE ARRAIAS, ESTADO DO TOCANTINS,ALEM DE INVESTIMENTOS SOCIAIS NO AMBITO DA COMUNIDADE.",[ ],[ ],"Unidade Produtora de Fertilizantes em Arraias (TO)"
{ "$oid" : "5265f49940a44e0e89000075"},"IMPLANTACAO DO PROGRAMA DE DESENVOLVIMENTO INTEGRADO DA CIDADE DE RIO BRANCO (AC), ENVOLVENDO OBRAS DE INFRA-ESTRUTURA URBANA, CONSOLIDACAO DO SETOR TURISTICO, FORTALECIMENTO DA PRODUCAO AGROFLORESTAL E DESENVOLVIMENTO SOCIAL",[ ],[ ],"Programa de desenvolvimento de Rio Branco (AC)"
{ "$oid" : "5265f4bf40a44e0e89000077"},"IMPLANTACAO DO PROGRAMA DE INVESTIMENTOS NAS AREAS DE SAUDE, URBANISMO E INFRAESTRUTURA DE TRANSPORTE DO ESTADO DO PARA.",[ ],[ ],"Investimentos em Saúde, Urbanismo, Transportes no Estado do Pará"
{ "$oid" : "5265f4e440a44e0e89000079"},"IMPLANTACAO DO SISTEMA DE ESGOTAMENTO SANITARIO DE SINOP/MT, NA REGIAO CENTRAL DA CIDADE VISAMDO ATENDER A CERCA DE 40% DA POPULACAO URBANA",[ ],[ ],"Implantação de Sistema de Saneamento no município de Sinop (MT)"
{ "$oid" : "5265f50040a44e0e8900007b"},"IMPLANTACAO E OPERACAO DO SISTEMA DE TRANSMISSAO LOCALIZADO NOS ESTADOS DO MT E RO, COMPOSTO PELA LINHA DE TRANSMISSAO JAURU - VILHENA, COM 354 KM DE EXTENSAO EM 230 KV, E, ADICIONALMENTE, INVESTIMENTOS SOCIAIS NAO CONTEMPLADOS NAS CONDICIONANTES DO PROCESSO DE LICENCIAMENTO AMBIENTAL.",[ ],[ ],"Linha de transmissão Jauru (MT) - Vilhena (RO)"
{ "$oid" : "5265f57740a44e0e89000082"},"IMPLANTACAO, EM CARATER DE REFORCO, DA SUBESTACAO CASTANHAL EM 230 KV, LOCALIZADA NO MUNICIPIO DE SAO FRANCISCO DO PARA - PA, E SECCIONAMENTO DA LINHA DE TRANSMISSAO VILA DO CONDE - SANTA MARIA (230 KV), VISANDO INCORPORAR A NOVA SUBESTACAO.",[ ],[ ],"Subestação e linha de transmissão em Vila do Conde - Santa Maria do Pará"
{ "$oid" : "525c5a9b72e56d0000000003"},"Hidrelétrica de Belo Monte, entre os municípios de Volta do Xingú (PA) e Altamira (PA).",[ { "$oid" : "52673557a98d870000000003"} , { "$oid" : "526738ae054aaf0000000011"} , { "$oid" : "5265f64c40a44e0e89000084"} , { "$oid" : "526604592f7d5a30e4000003"}],[ "Pará"],"Usina Hidrelétrica de Belo Monte"
{ "$oid" : "525c5c3172e56d0000000007"},"Construção da hidrelétrica de Santo Antônio no município de Porto Velho (RO), além de linhas de transmissão.",[ { "$oid" : "52673627a98d870000000009"} , { "$oid" : "52673658a98d87000000000b"}],[ "Rondônia"],"Usina Hidrelétrica de Santo Antônio"
{ "$oid" : "525c5d9a72e56d000000000b"},"Investimentos na Estrada de Ferro Carajás, terminal ferroviário Ponta da Madeira e Terminal Marítimo Ponta da Madeira.",[ { "$oid" : "526737bc054aaf0000000004"} , { "$oid" : "526737fe054aaf0000000006"}],[ "Pará"],"Estrada de Ferro Carajás"
{ "$oid" : "525c5c0c72e56d0000000005"},"Implantação da hidrelétrica de Jirau no município de Porto Velho (RO) e do sistema de transmissão.",[ { "$oid" : "526735d5a98d870000000005"} , { "$oid" : "526735ffa98d870000000007"} , { "$oid" : "52673874054aaf000000000d"} , { "$oid" : "52673895054aaf000000000f"}],[ "Roraima"],"Usina Hidrelétrica de Jirau"
{ "$oid" : "5265e94040a44e0e8900003e"},"IMPLANTACAO DA LINHA DE TRANSMISSAO PORTO VELHO (RO) - ARARAQUARA 2 (SP), EM 600 KV, COM APROXIMADAMENTE 2.375 KM DE EXTENSAO, INTEGRANTE DO SISTEMA DE TRANSMISSAO DO RIO MADEIRA.",[ { "$oid" : "526738eb054aaf0000000013"} , { "$oid" : "526818f3f845eb0000000034"}],[ ],"Linha de transmissão Porto Velho (RO) - Araraquara (SP)"
{ "$oid" : "5265be5ed984b94f87000003"},"IMPLANTAÇÃO DA UHE ESTREITO, COM CAPACIDADE INSTALADA DE GERAÇÃO DE 1.087 MW, LOCALIZADA NO TRECHO MEDIO DO RIO TOCANTINS, ENTRE OS MUNICÍPIOS DE ESTREITO-MA, PALMEIRAS DO TOCANTINS-TO E AGUIARNOPOLIS-TO, BEM COMO DO SEU RESPECTIVO SISTEMA DE TRANSMISSAO ASSOCIADO (PROJETO NO AMBITO DO PAC).",[ { "$oid" : "52673927054aaf0000000017"} , { "$oid" : "52680912f845eb0000000003"} , { "$oid" : "52680cecf845eb000000000d"} , { "$oid" : "52680d57f845eb000000000f"}],[ "Maranhão" , "Tocantins"],"Usina Hidrelétrica de Estreito"
{ "$oid" : "5265c55d40a44e0e89000006"},"IMPLANTACAO DE UMA UNIDADE DE MOAGEM DE CLINQUER PARA FABRICACAO DE CIMENTO, EM SAO LUIS-MA.",[ { "$oid" : "52673ea24e78700000000010"}],[ "Maranhão"],"Nova unidade de moagem de clínquer em São Luís (MA)"
{ "$oid" : "5265c5a840a44e0e89000008"},"AMPLIACAO DE TANCAGEM E MODERNIZACAO DAS BASES OPERACIONAIS E POOLS LOCALIZADOS NOS ESTADOS DE SAO PAULO, MINAS GERAIS, RIO DE JANEIRO, PARANA, RIO GRANDE DO SUL, BAHIA, MATO GROS-SO, MATO GROSSO DO SUL, PAR , AMAPA, AMAZONAS E RORAIMA.",[ { "$oid" : "52673edf4e78700000000016"}],[ ],"Plano de investimentos Ipiranga"
{ "$oid" : "5265c5e640a44e0e8900000b"},"AMPLIAÇÃO DO ACESSO AOS SERVICOS DE ABASTECIMENTO DE AGUA E DE ESGOTAMENTO SANITARIO A POPULAÇÃO URBANA DE RONDONOPOLIS(MT), BEM COMO A IMPLEMENTAÇÃO DE MELHORIAS NOS SISTEMAS EXISTENTES, VISANDO A RACIONALIZAÇÃO DE CUSTOS E O AUMENTO DA QUALIDADE DOS SERVICOS.",[ { "$oid" : "52673f154e78700000000017"}],[ ],"Saneamento e abastecimento de água em Rondonópolis (MT)"
{ "$oid" : "5265bf4bd984b94f87000006"},"\"IMPLANTAÇÃO DA UNIDADE 2 DA REFINARIA DO CONSORCIO ALUMAR, COM OBJETIVO DE\r\nAUMENTAR A PRODUÇÃO DE ALUMINA EM 2,1 MILHOES DE T/ANO, EM SAO LUIS-MA.\"",[ { "$oid" : "52680af9f845eb0000000006"} , { "$oid" : "526820d1f845eb0000000042"}],[ "Maranhão"],"Refinaria de alumina em São Luís"
{ "$oid" : "5265f40040a44e0e89000073"},"IMPLANTACAO DO PLANO DE INVESTIMENTO DA EMPRESA PARA O ANO 2010 E 2011 QUE ABRANGE INVESTIMENTOS EM ATUALIZACAO TECNOLOGICA; CONTENCAO DE PERDAS COMERCIAIS; EXPANSAO DE REDE E NOVAS LIGACOES; MELHORIA DA QUALIDADE DO FORNECIMENTO DE ENERGIA, MELHORIA DA OPERACAO DO SISTEMA E INSTALACOES ADM.",[ { "$oid" : "52680f03f845eb0000000012"}],[ ],"Plano de investimentos CEMAR 2010-2011"
{ "$oid" : "5265dbd440a44e0e8900001f"},"CONSTRUCAO DA USINA HIDRELETRICA FERREIRA GOMES, COM POTENCIA TOTAL INSTALADA DE 252 MW, A SER IMPLANTADA NO RIO ARAGUARI, NO MUNICIPIO DE FERREIRA GOMES - AP.",[ { "$oid" : "52680fd8f845eb0000000018"}],[ ],"Usina Hidrelétrica de Ferreira Gomes"
{ "$oid" : "525c5eaa72e56d000000000d"},"Implantação da hidrelétrica de Teles Pires nos municípios de Paranaíta (MT) e Jacareacanga (PA).",[ { "$oid" : "52673821054aaf0000000009"} , { "$oid" : "5267384c054aaf000000000b"} , { "$oid" : "52681185f845eb000000001c"}],[ "Mato Grosso" , "Pará"],"Usina Hidrelétrica de Teles Pires"
{ "$oid" : "5265d87740a44e0e89000016"},"APOIO FINANCEIRO AO PLANO DE INVESTIMENTO 2009-2011 EM DISTRIBUIÇÃO E TRANSMISSÃO NA ÁREA DE CONCESSÃO DA CELPA.",[ { "$oid" : "526811a1f845eb000000001e"}],[ "Pará"],"Plano de Investimentos CELPA 2009-2011"
{ "$oid" : "5268131cf845eb000000002a"},"VIABILIZAR A CONSTRUÇÃO DA ARENA MULTIUSO PANTANAL E A URBANIZAÇÃO DO SEU ENTORNO.",[ { "$oid" : "526813fcf845eb000000002c"}],[ ],"Arena Pantanal"
{ "$oid" : "52681aeef845eb0000000037"},"VIABILIZAR A IMPLANTAÇÃO DA INFRAESTRUTURA TURÍSTICA CONSTANTE DO PROGRAMA  DE DESENVOLVIMENTO ESTRATÉGICO DA CADEIA PRODUTIVA DO TURISMO DO ESTADO DO MATO GROSSO.",[ { "$oid" : "5268200cf845eb0000000039"}],[ ],"Investimentos em infraestrutura turística em Mato Grosso"
