Beneficiado (Empresa/Estado),Resumo do Projeto,Descrição do Projeto,UF,Contratação,Valor da Operação,Área do BNDES,Tipo de operação
VOTORANTIM CIMENTOS S.A,Implantação de unidade produtora de cimento em Cuiabá (MT).                                                                                                                                                                                                                                                                                                                                                                                                                                                                                                                                                                                                                                                                                                                                                                ,"IMPLANTACAO DE UMA UNIDADE INTEGRADA EM CUIABA-MT, COM CAPACIDADE PARA PRODUZIR 1,2 MILHAO DE T/ANO DE CIMENTO.                                                                                                                                                                                                                                                                                                                                                                                                                                                                                                                                                                                                                                                                                                                                                                                                                     ",MT,13/09/2011,247458633,Área de Insumos Básicos,direto
VOTORANTIM CIMENTOS N/NE S/A,Implantação de fábrica de cimento em Xambioá (TO).,"IMPLANTACAO DE FABRICA DE CIMENTO EM XAMBIOA - TO, COM CAPACIDADE PRODUTIVA DE
450 MIL TONELADAS POR ANO.",TO,25/06/2009,159319172,Área de Infraestrutura,direto
VOTORANTIM CIMENTOS N/NE S/A,Implantação de unidade de fabricação de cimento em São Luís (MA).,"10A SULC DO CALC 08208321(METAIS)/DULC 11/VOT CIMENTOS):    IMPLANTACAO DE UMA UNIDADE DE MOAGEM DE CLINQUER PARA FABRICACAO DE CIMENTO, EM SAO LUIS-MA.                                                                                                                                                                                                                                                                                                                                                                                                                                                                                                                                                                                                                                                                                                                                                                            ",MA,10/05/2011,49821767,Área de Insumos Básicos,direto
VOTORANTIM CIMENTOS N/NE S/A,Implantação de unidade de moagem de cimento no município de Barbacena (PA).,"IMPLANTAÇÃO DE UNIDADE DE MOAGEM DE CIMENTO DO TIPO PORTLAND DE ALTO FORNO (CP III), COM CAPACIDADE DE PRODUÇÃO DE 460 MIL T/ANO, NO MUNICÍPIO DE BARCARENA - PA.",PA,19/11/2008,34187242,Área de Insumos Básicos,direto
VOTORANTIM CIMENTOS N/NE S/A,Implantação de fábrica de cimento em Xambioá (TO).,"SUPLEMENTACAO DE RECURSOS PARA A IMPLANTACAO DE FABRICA DE  CIMENTO EM XAMBIOA - TO, COM CAPACIDADE PRODUTIVA DE 450 MILTONELADAS POR ANO E PARA INVESTIMENTOS SOCIAIS NA AREA DE INFLUENCIA DO PROJETO. (ESSE VALOR (R$ 161 MM) REFERE-SE A IMPLANTAÇAO DA FABRICA. O VALOR DA SUPLEMENTAÇAO É R$ 27.250.67                                                                                                                                                                                                                                                                                                                                                                                                                                                                                                                                                                                                                        ",TO,29/07/2011,28050791,Área de Insumos Básicos,direto
VIDEOLAR S/A,Implantação de unidade de fabricação de polipropileno em Manaus (AM).,"IMPLANTAÇÃO DE UNIDADE DE PRODUÇÃO DE FILME DE POLIPROPILENO BIORIENTADO (BOPP), COM CAPACIDADE DE PRODUÇÃO DE 37.500T/ /ANO, NO PÓLO INDUSTRIAL DE MANAUS (AM), E INVESTIMENTOS SOCIAIS VOLTADOS PARA A COMUNIDADE.                                                                                                                                                                                                                                                                                                                                                                                                                                                                                                                                                                                                                                                                                                                 ",AM,12/04/2010,84100000,Área de Insumos Básicos,direto
VIDEOLAR S/A,Implantação de unidade de fabricação de polipropileno em Manaus (AM).,"EXPANSAO DA UNIDADE DE FABRICACAO DE BOPP - POLIPROPILENO BIORIENTADO LOCALIZADA EM MANAUS (DE 37.500 TONELADAS/ANO PARA 112.500 TONELADAS/ANO), A PARTIR DA IMPLANTACAO DE DUAS NOVAS LINHAS DE PRODUCAO.",AM,10/12/2012,30313000,Área de Insumos Básicos,direto
VALE S/A,"Investimentos na estrada de ferro Carajás, terminal ferroviário Ponta da Madeira e Terminal Marítimo Ponta da Madeira.","INVESTIMENTOS NA ESTRADA DE FERRO CARAJAS (EFC) COM AUMENTODE CAPACIDADE, RAMAL FERROVIARIO PARA LIGACAO A EFC, AQUISICAO DE VAGOES, AMPLIACAO DO TERMINAL FERROVIARIO DA PONTA DAMADEIRA (TFPM) E AMPLIACAO DO TERMINAL MARITIMO DA PONTA DAMADEIRA (TMPM), DENOMINADO PROJETO CLN 150",MA e PA,24/09/2012,2562235000,Área de Infraestrutura,direto
VALE S/A,"Investimentos na estrada de ferro Carajás, terminal ferroviário Ponta da Madeira e Terminal Marítimo Ponta da Madeira.","INVESTIMENTOS NA ESTRADA DE FERRO CARAJAS (EFC) COM AUMENTODE CAPACIDADE, RAMAL FERROVIARIO PARA LIGACAO A EFC, AQUISICAO DE VAGOES, AMPLIACAO DO TERMINAL FERROVIARIO DA PONTA DAMADEIRA (TFPM) E AMPLIACAO DO TERMINAL MARITIMO DA PONTA DAMADEIRA (TMPM), DENOMINADO PROJETO CLN 150",MA e PA,24/09/2012,1320721000,Área de Infraestrutura,direto
VALE S/A,"Implantação da hidrelétrica Estreito entre os municípios de Estreito (MA), Palmeiras do Tocantins (TO) e Aguiarnópolis (TO). Projeto do PAC.","IMPLANTAÇÃO DA UHE ESTREITO, COM CAPACIDADE INSTALADA DE GERAÇÃO DE 1.087 MW, LOCALIZADA NO TRECHO MEDIO DO RIO TOCANTINS, ENTRE OS MUNICÍPIOS DE ESTREITO-MA, PALMEIRAS DO TOCANTINS-TO E AGUIARNOPOLIS-TO, BEM COMO DO SEU RESPECTIVO SISTEMA DE TRANSMISSAO ASSOCIADO (PROJETO NO AMBITO DO PAC).","TO
",11/03/2008,808350800,Área de Infraestrutura,direto
VALE S/A,Compra de vagões para ferrovia de Carajás.,"AQUISIÇÃO DE 2.558 VAGÕES DO TIPO GDU DE 150 TON, A SEREM UTILIZADOS NA ESTRADA DE FERRO CARAJÁS.                                                                                                                                                                                                                                                                                                                                                                                                                                                                                                                                                                                                                                                                                                                                                                                                                                   ",PA,30/06/2010,175882586,Área de Infraestrutura,indireto
VALE S/A,Compra de sistema de manuseio e transporte para o porto em São Luís (MA).,"AQUISICAO DE SISTEMA DE MANUSEIO E TRANSPORTE, DENOMINADO 5A LINHA DE EMBARQUE, QUE SERA INSTALADO NO TERMINAL MARITIMO DE PONTA DA MADEIRA-TMPM (SAO LUIS-MA), PARA ATENDIMENTO DO PROJETO PIER IV.                                                                                                                                                                                                                                                                                                                                                                                                                                                                                                                                                                                                                                                                                                                                ",MA,25/03/2011,102536220,Área de Insumos Básicos,direto
VALE S/A,"Compra de sistema de manuseio estéril para mina de Carajás em Parauapebas (PA), carregadores de navios e sistema de manuseio de cargas para o porto em São Luís (MA).                                                                                                                                                                                                                                                                                                                                                                                                             ","AQUISIÇÃO DE UM SISTEMA DE MANUSEIO DE ESTÉRIL PARA ATENDIMENTO A MINA N4E, NO COMPLEXO DE CARAJÁS, EM PARAUAPEBAS (PA), E AQUISIÇÃO DE DOIS CARREGADORES DE NAVIOS E DE UM SISTEMA DE TRANSPORTE E MANUSEIO DE CARGAS PARA ATENDIMENTO AO PROJETO PIER IV, EM SÃO LUÍS (MA).                                                                                                                                                                                                                                                                                                                                                                                                                                                                                                                                                                                                                                                           ",PA,30/06/2010,85971308,Área de Insumos Básicos,indireto
VALE S/A,"Compra de sistema de manuseio estéril para mina de Carajás em Parauapebas (PA), carregadores de navios e sistema de manuseio de cargas para o porto em São Luís (MA).                                                                                                                                                                                                                                                                                                                                                                                                             ","AQUISIÇÃO DE UM SISTEMA DE MANUSEIO DE ESTÉRIL PARA ATENDIMENTO A MINA N4E, NO COMPLEXO DE CARAJAS, EM PARAUAPEBAS(PA), E AQUISIÇÃO DE DOIS CARREGADORES DE NAVIOS E DE UM SISTEMA DETRANSPORTE E MANUSEIO DE CARGAS PARA ATENDIMENTO AO PROJETO  PIER IV, EM SÃO LUÍS (MA).                                                                                                                                                                                                                                                                                                                                                                                                                                                                                                                                                                                                                                                           ",PA,29/06/2010,85971308,Área de Insumos Básicos,direto
VALE S/A,"Compra de sistema de manuseio estéril para mina de Carajás em Parauapebas (PA), carregadores de navios e sistema de manuseio de cargas para o porto em São Luís (MA).                                                                                                                                                                                                                                                                                                                                                                                                             ","AQUISIÇÃO DE UM SISTEMA DE MANUSEIO DE ESTÉRIL PARA ATENDIMENTO A MINA N4E, NO COMPLEXO DE CARAJÁS, EM PARAUAPEBAS (PA), E AQUISIÇÃO DE DOIS CARREGADORES DE NAVIOS E DE UM SISTEMA DE TRANSPORTE E MANUSEIO DE CARGAS PARA ATENDIMENTO AO PROJETO PIER IV, EM SÃO LUÍS (MA).                                                                                                                                                                                                                                                                                                                                                                                                                                                                                                                                                                                                                                                           ",MA,30/06/2010,49156089,Área de Insumos Básicos,indireto
VALE S/A,"Compra de sistema de manuseio estéril para mina de Carajás em Parauapebas (PA), carregadores de navios e sistema de manuseio de cargas para o porto em São Luís (MA).                                                                                                                                                                                                                                                                                                                                                                                                             ","AQUISIÇÃO DE UM SISTEMA DE MANUSEIO DE ESTÉRIL PARA ATENDIMENTO A MINA N4E, NO COMPLEXO DE CARAJAS, EM PARAUAPEBAS(PA), E AQUISIÇÃO DE DOIS CARREGADORES DE NAVIOS E DE UM SISTEMA DE TRANSPORTE E MANUSEIO DE CARGAS PARA ATENDIMENTO AO PROJETO  PIER IV, EM SÃO LUÍS (MA).                                                                                                                                                                                                                                                                                                                                                                                                                                                                                                                                                                                                                                                           ",MA,29/06/2010,49156089,Área de Insumos Básicos,direto
UTE PORTO DO ITAQUI GERAÇÃO DE ENERGIA LTDA. ,"Implantação da termelétrica Porto do Itaqui no município de São Luís (MA), além de linha de transmissão.","IMPLANTAÇÃO DA UTE PORTO DO ITAQUI, LOCALIZADA NO DISTRITO INDUSTRIAL DE SÃO LUIS, MUNICÍPIO DE SÃO LUIS-MA, COM CAPACIDADE INSTALADA DE GERAÇÃO DE 360 MW, BEM COMO LINHA DE TRANSMISSÃO EM 230 KV, CIRCUITO DUPLO, CONECTANDO-SE AO SISTEMA ELÉTRICO DA ELETRONORTE, NA SUBESTAÇÃO SÃO LUIS II. ",MA ,16/12/2009,797648000,Área de Infraestrutura,direto
UTE PORTO DO ITAQUI GERACAO DE ENERGIA LTDA. ,"Implantação da termelétrica Porto do Itaqui no município de São Luís (MA), além de linha de transmissão.","IMPLANTACAO DA UTE PORTO DO ITAQUI, LOCALIZADA NO DISTRITO INDUSTRIAL DE SAO LUIS, MUNICIPIO DE SAO LUIS-MA, COM CAPACIDADE INSTALADA DE GERACAO DE 360 MW, BEM COMO LINHA DE TRANSMISSAO EM 230 KV, CIRCUITO DUPLO, CONECTANDO-SE AO SISTEMA ELETRICO DA ELETRONORTE, NA SUBESTACAO SAO LUIS II. ",MA ,16/12/2009,241822000,Área de Infraestrutura,indireto
UTE PARNAIBA GERACAO DE ENERGIA S/A,Implantação de termelétricas a gás no município de Santo Antônio dos Lopes (MA).,"IMPLANTACAO DE DUAS USINAS TERMICAS A GAS, UTE MARANHAO IV E V, COM 675,2 MW DE POTENCIA INSTALADA, OBJETO DO LEILAO A-5 DE 2008; NO MUNICIPIO DE SANTO ANTONIO DOS LOPES - MA.",MA,18/12/2012,887516000,Área de Infraestrutura,direto
UTE PARNAIBA GERACAO DE ENERGIA S/A,Implantação de termelétricas a gás no município de Santo Antônio dos Lopes (MA).,"IMPLANTACAO DE DUAS USINAS TERMICAS A GAS, UTE MARANHAO IV E V, COM 675,2 MW DE POTENCIA INSTALADA, OBJETO DO LEILAO A-5 DE 2008; NO MUNICIPIO DE SANTO ANTONIO DOS LOPES - MA.                                                                                                                                                                                                                                                                                                                                                                                                                                                                                                                                                                                                                                                                                                                                                     ",MA,19/12/2011,400000000,Área de Infraestrutura,direto
USIPAR USINA SIDERURGICA DO PARA,Implantação de alto-fornos para produção de ferro gusa e planta de sinterização no município de Bacarena (PA).,"IMPLANTAÇÃO DE DOIS ALTOS-FORNOS PARA PRODUÇÃO DE 500 MIL T/ANODE FERRO GUSA E UMA PLANTA DE SINTERIZAÇÃO, EM BARCARENA -PA.",PA,08/10/2008,31190127,Área de Insumos Básicos,direto
TRANSPORTADORA ASSOCIADA DE GÁS S/A TAG,"Construção do GLPduto Urucu (AM) -Coari (AM), gasoduto Coari (AM) -Manaus(AM), ramais de escoamento e estações de compressão.","CONSTRUÇÃO DO GLPDUTO URUCU-COARI, DO GASODUTO COARI-MANAUS, DE RAMAIS DE ESCOAMENTO EM SETE MUNICÍPIOS E DE DUAS ESTAÇÕES DE COMPRESSÃO.                                                                                                                                                                                                                                                                                                                                                                                                                                                                                                                                                                                                                                                                                                                                                                                           ",AM,26/02/2010,691702000,Área de Insumos Básicos,direto
TRANSMISSORA MATOGROSSENSE DE ENERGIA S/A,"Implantação da linha de transmissão Jauru (MT) - Cuiabá (MT), subestações em Jauru e ampliação da subestação Cuiabá (MT).","IMPLANTACAO DA LT JAURU - CUIABA EM 500 KV, COM 348 KM, E RESPECTIVAS SUBESTACOES JAURU E AMPLIACAO DA SUBESTACAO CUIABA, LOCALIZADOS NO ESTADO DO MATO GROSSO, OBJETO DO LOTE E DO LEILAO 001/2009 DA ANEEL.",MT,27/02/2012,87300000,Área de Infraestrutura,indireto
TERMINAL ITIQUIRA S/A,Construção de terminal rodoferroviário no município de Itiquira (MT).,"CONSTRUCAO DE UM TERMINAL RODO-FERROVIARIO  COM   CAPACIDADEINSTALADA DE 4,2 MILHOES DE TONELADAS/ANO DESTINADA A   PRESTAR SERVICOS DE TRANSBORDO, ARMAZENAGEM E BENEFICIAMENTO  DEGRAOS, NO MUNICIPIO DE ITIQUIRA, MATO GROSSO.",MT,26/12/2012,16692308,Área de Infraestrutura,direto
TELEGRAFICA ENERGIA S.A.,"Implantação da pequenca central hidrelétrica Telegráfica entre os municípios de Sapezal (MT) e Campos de Júlio (MT), além de linha de transmissão.","IMPLANTACAO DA PCH TELEGRAFICA, LOCALIZADA NO RIO JURUENA, ENTRE OS MUNICIPIOS DE SAPEZAL E CAMPOS DE JULIO, AMBOS NO ESTADO DO MATO GROSSO, COM POTENCIA TOTAL INSTALADA DE 30,0 MWBEM COMO DA LT EM 138 KV, CIRCUITO SIMPLES, COM 53 KM DE EXTENSAO",MT,01/09/2011,13000000,Área de Infraestrutura,indireto
TELEGRAFICA ENERGIA S.A.,"Implantação da pequenca central hidrelétrica Telegráfica entre os municípios de Sapezal (MT) e Campos de Júlio (MT), além de linha de transmissão.","IMPLANTACAO DA PCH TELEGRAFICA, LOCALIZADA NO RIO JURUENA, ENTRE OS MUNICIPIOS DE SAPEZAL E CAMPOS DE JULIO, AMBOS NO ESTADO DO MATO GROSSO, COM POTENCIA TOTAL INSTALADA DE 30,0 MWBEM COMO DA LT EM 138 KV, CIRCUITO SIMPLES, COM 53 KM DE EXTENSAO, NECESSARIA PARA INTERLIGACAO A REDE BASICA.                                                                                                                                                                                                                                                                                                                                                                                                                                                                                                                                                                                                                                  ",MT,31/08/2011,13000000,Área de Infraestrutura,direto
SUZANO PAPEL E CELULOSE S/A,Construção de unidade produtora de celulose e infraestrutura em Imperatriz (MA). ,"CONSTRUÇÃO DE UMA NOVA UNID. INDUSTRIAL COM CAPAC. DE PRODUÇÃO DE 1,4 MILHÃO DE TON/ANO DE CELULOSE BRANQUEADA DE EUCALIPTO EM IMPERATRIZ-MA, BEM COMO IMPLANTAÇÃO DA INFRAESTRUTURA DE APOIO NECESSÁRIA A FUTURA OPERAÇÃO DA NOVA PLANTA E INVESTIMENTOS SOCIAIS E AMBIENTAIS NA ÁREA DE INFLUÊNCIA.                                                                                                                                                                                                                                                                                                                                                                                                                                                                                                                                                                                                                               ",MA,22/12/2010,2701738182,Área de Insumos Básicos,direto
SUZANO PAPEL E CELULOSE S/A,Construção de unidade produtora de celulose e infraestrutura em Imperatriz (MA). ,"CONSTRUCAO DE UMA NOVA UNID. INDUSTRIAL COM CAPAC. DE PRODUCAO DE 1,4 MILHAO DE TON/ANO DE CELULOSE BRANQUEADA DE EUCALIPTO EM IMPERATRIZ-MA, BEM COMO IMPLANTACAO DA INFRAESTRUTURA DE APOIO NECESSARIA A FUTURA OPERACAO DA NOVA PLANTA E INVESTIMENTOS SOCIAIS E AMBIENTAIS NA AREA DE INFLUENCIA.",MA,06/06/2012,530628492,Área de Insumos Básicos,direto
SUEZ ENERGIA RENOVAVEL S/A ,"Implantação da hidrelétrica Estreito entre os municípios de Estreito (MA), Palmeiras do Tocantins (TO) e Aguiarnópolis (TO). Projeto do PAC.","IMPLANTACAO DA UHE ESTREITO, COM CAPACIDADE INSTALADA DE GERACAO DE 1.087 MW, LOCALIZADA NO TRECHO MEDIO DO RIO TOCANTINS, ENTRE OS MUNICIPIOS DE ESTREITO-MA, PALMEIRAS DO TOCANTINS-TO E AGUIARNOPOLIS-TO, BEM COMO DO SEU RESPECTIVO SISTEMA DE TRANSMISSAO ASSOCIADO (PROJETO NO AMBITO DO PAC). ",TO ,11/03/2008,524483600,Área de Infraestrutura,indireto
"SUEZ ENERGIA RENOVAVEL S/A
","Implantação da hidrelétrica Estreito entre os municípios de Estreito (MA), Palmeiras do Tocantins (TO) e Aguiarnópolis (TO). Projeto do PAC.","IMPLANTAÇÃO DA UHE ESTREITO, COM CAPACIDADE INSTALADA DE GERAÇÃO DE 1.087 MW, LOCALIZADA NO TRECHO MEDIO DO RIO TOCANTINS, ENTRE OS MUNICÍPIOS DE ESTREITO-MA, PALMEIRAS DO TOCANTINS-TO E AGUIARNOPOLIS-TO, BEM COMO DO SEU RESPECTIVO SISTEMA DE TRANSMISSAO ASSOCIADO (PROJETO NO AMBITO DO PAC).","TO
",11/03/2008,524483600,Área de Infraestrutura,direto
SAPEZAL ENERGIA S.A.,"Implantação da pequena central hidrelétrica de Sapezal entre os municípios de Sapezal (MT) e Campos de Júlio (MT), além de linha de transmissão. ","IMPLANTACAO DA PCH SAPEZAL, LOCALIZADA NO RIO JURUENA, ENTREOS MUNICIPIOS DE SAPEZAL E CAMPOS DE JULIO, AMBOS NO ESTADODO MATO GROSSO, COM POTENCIA TOTAL INSTALADA DE 16,0 MW, BEM COMO DA LT EM 138 KV, CIRCUITO SIMPLES, COM 16 KM DE EXTENSAO.",MT,01/09/2011,7350000,Área de Infraestrutura,indireto
SAPEZAL ENERGIA S.A.,"Implantação da pequena central hidrelétrica de Sapezal entre os municípios de Sapezal (MT) e Campos de Júlio (MT), além de linha de transmissão. ","IMPLANTACAO DA PCH SAPEZAL, LOCALIZADA NO RIO JURUENA, ENTREOS MUNICIPIOS DE SAPEZAL E CAMPOS DE JULIO, AMBOS NO ESTADODO MATO GROSSO, COM POTENCIA TOTAL INSTALADA DE 16,0 MW, BEM COMO DA LT EM 138 KV, CIRCUITO SIMPLES, COM 16 KM DE EXTENSAO, NECESSARIA PARA INTERLIGACAO A REDE BASICA.                                                                                                                                                                                                                                                                                                                                                                                                                                                                                                                                                                                                                                      ",MT,31/08/2011,7350000,Área de Infraestrutura,direto
SANTO ANTONIO ENERGIA S/A ,"Construção da hidrelétrica de Santo Antônio no município de Porto Velho (RO), além de linhas de transmissão. ","CONSTRUÇÃO DA UHE SANTO ANTONIO, COM CAPACIDADE INSTALADA DE GERAÇÃO DE 3.150 MW, NO RIO MADEIRA, NO MUNICÍPIO DE PORTO VELHO/RO, BEM COMO DAS INSTALAÇÕES DE TRANSMISSÃO DE INTERESSE RESTRITO A CENTRAL GERADORA. ",RO ,04/03/2009,3092586200,Área de Infraestrutura,direto
SANTO ANTONIO ENERGIA S/A ,"Construção da hidrelétrica de Santo Antônio no município de Porto Velho (RO), além de linhas de transmissão. ","CONSTRUCAO DA UHE SANTO ANTONIO, COM CAPACIDADE INSTALADA DE GERACAO DE 3.150 MW, NO RIO MADEIRA, NO MUNICIPIO DE PORTO VELHO/RO, BEM COMO DAS INSTALACOES DETRANSMISSAO DE INTERESSE RESTRITO A CENTRAL GERADORA. ",RO ,11/03/2009,3042586200,Área de Infraestrutura,indireto
SANTA GABRIELA ENERGETICA S/A ,"Implantação da pequena central hidrelétrica Santa Gabriela entre os municípios de Itiquira (MT) e Sonora (MS), além da linha de transmissão. ","IMPLANTACAO DA PCH SANTA GABRIELA, COM POTENCIA TOTAL INSTALADA DE 24 MW, NO RIO CORRENTES, DIVISA DOS MUNICIPIOS DE ITIQUIRA-MT E SONORA-MS, BEM COMO DA LINHA DE TRANSMISSAO NECESSARIA A INTERLIGACAO AO SISTEMA ELETRICO DA CEMAT - CENTRAIS ELETRICAS MATOGROSSENSES S.A. ",MT,27/08/2008,73792000,Área de Infraestrutura,indireto
"SALTO JAURU ENERGETICA S/A - SAJESA
","Implantação da pequena central hidrelétrica de Salto nos municípios de Jauru (MT) e Indiavaí (MT), além de linha de transmissão. ","IMPLANTAÇÃO DA PEQUENA CENTRAL HIDRELETRICA (PCH) SALTO COM 19 MW DE CAPACIDADE, NO RIO JAURU, BACIA HIDROGRAFICA DO RIOPARAGUAI, NOS MUNICÍPIOS DE JAURU E INDIAVAI, ESTADO DO MATOGROSSO, E DA LINHA DE TRANSMISSAO ASSOCIADA.ICO DA CEMAT.","MT
",18/01/2008,56677850,Área de Infraestrutura,direto
RONDON ENERGIA S.A.,"Implantação da hidrelétrica de Rondon entre os municípios de Sapezal (MT) e Campos de Júlio (MT), além de linha de transmissão.","IMPLANTACAO DA PCH RONDON, LOCALIZADA NO RIO JURUENA, ENTREOS MUNICIPIOS DE SAPEZAL E CAMPOS DE JULIO, AMBOS NO ESTADODO MATO GROSSO, COM POTENCIA TOTAL INSTALADA DE 13,0 MW, BEM COMO DA LT EM 138 KV, CIRCUITO SIMPLES, COM 47 KM DE EXTENSAO",MT,01/09/2011,6000000,Área de Infraestrutura,indireto
RONDON ENERGIA S.A.,"Implantação da hidrelétrica de Rondon entre os municípios de Sapezal (MT) e Campos de Júlio (MT), além de linha de transmissão.","IMPLANTACAO DA PCH RONDON, LOCALIZADA NO RIO JURUENA, ENTREOS MUNICIPIOS DE SAPEZAL E CAMPOS DE JULIO, AMBOS NO ESTADODO MATO GROSSO, COM POTENCIA TOTAL INSTALADA DE 13,0 MW, BEM COMO DA LT EM 138 KV, CIRCUITO SIMPLES, COM 47 KM DE EXTENSAO, NECESSARIA PARA INTERLIGACAO A REDE BASICA.                                                                                                                                                                                                                                                                                                                                                                                                                                                                                                                                                                                                                                       ",MT,31/08/2011,6000000,Área de Infraestrutura,direto
RIO BRANCO TRANSMISSORA DE ENERGIA S/A,Implantação da linha de transmissão Porto Velho (RO) - Abuna (RO) - Rio Branco (AC).,"IMPLANTACAO DA LINHA DE TRANSMISSAO PORTO VELHO (RO) - ABUNA (RO) - RIO BRANCO (AC), EM CIRCUITO SIMPLES, 230 KV, COM EXTENSAO DE 487 KM.",AC e RO,01/03/2012,138000000,Área de Infraestrutura,direto
RIO BRANCO TRANSMISSORA DE ENERGIA S/A,Implantação da linha de transmissão Porto Velho (RO) - Abuna (RO) - Rio Branco (AC).,"IMPLANTACAO DA LINHA DE TRANSMISSAO PORTO VELHO (RO) - ABUNA (RO) - RIO BRANCO (AC), EM CIRCUITO SIMPLES, 230 KV, COM EXTENSAO DE 487 KM.                                                                                                                                                                                                                                                                                                                                                                                                                                                                                                                                                                                                                                                                                                                                                                                           ",AC e RO,01/03/2012,138000000,Área de Infraestrutura,direto
PORTO VELHO TRANSMISSORA DE ENERGIA S/A,Implantação da subestação e de estações conversoras em Porto Velho (RO),"IMPLANTACAO DA SUBESTACAO COLETORA PORTO VELHO EM 500/230 KV, DE DUAS ESTACOES CONVERSORAS CA/CC/CA TIPO BACK-TO-BACK DE 400 MW CADA E DA LINHA DE TRANSMISSAO EM 230 KV, DOIS CIRCUITOS SIMPLES, COM EXTENSAO APROXIMADA DE 17,3 KM, COM ORIGEM NA SUBESTACAO COLETORA PORTO VELHO E TERMINO NA MESMA.                                                                                                                                                                                                                                                                                                                                                                                                                                                                                                                                                                                                                             ",RO,04/03/2011,283410898,Área de Infraestrutura,direto
PARECIS ENERGIA S.A.,"Implantação da hidrelétrica de Parecis entre os municípios de Sapezal (MT) e Campos de Júlio (MT), além da linha de transmissão.","IMPLANTACAO DA PCH PARECIS, LOCALIZADA NO RIO JURUENA, ENTREOS MUNICIPIOS DE SAPEZAL E CAMPOS DE JULIO, AMBOS NO ESTADODO MATO GROSSO, COM POTENCIA TOTAL INSTALADA DE 15,4 MW, BEMCOMO DA LT EM 138 KV, CIRCUITO SIMPLES, COM 23 KM DE EXTENSAO",MT,01/09/2011,6500000,Área de Infraestrutura,indireto
PARECIS ENERGIA S.A.,"Implantação da hidrelétrica de Parecis entre os municípios de Sapezal (MT) e Campos de Júlio (MT), além da linha de transmissão.","IMPLANTACAO DA PCH PARECIS, LOCALIZADA NO RIO JURUENA, ENTREOS MUNICIPIOS DE SAPEZAL E CAMPOS DE JULIO, AMBOS NO ESTADODO MATO GROSSO, COM POTENCIA TOTAL INSTALADA DE 15,4 MW, BEMCOMO DA LT EM 138 KV, CIRCUITO SIMPLES, COM 23 KM DE EXTENSAO, NECESSARIA PARA INTERLIGACAO A REDE BASICA.                                                                                                                                                                                                                                                                                                                                                                                                                                                                                                                                                                                                                                       ",MT,31/08/2011,6500000,Área de Infraestrutura,direto
NORTE ENERGIA S/A,Implantação da hidrelétrica de Belo Monte entre os municípios de Volta do Xingú (PA) e Altamira (PA).,"IMPLANTACAO DA USINA HIDRELETRICA DE BELO MONTE, COM 11.233 MW, COM GARANTIA FISICA DE 4.571 MW, NO RIO XINGU, OBJETO DO LEILAO ANEEL N§ 006/2009, DE 20/04/2009, ENTRE OS MUNICIPIOS DE VOLTA DO XINGU E ALTAMIRA(PA)",PA,12/03/2012,10800000000,Área de Infraestrutura,indireto
NORTE ENERGIA S/A,Implantação da hidrelétrica de Belo Monte entre os municípios de Volta do Xingú (PA) e Altamira (PA).,"IMPLANTACAO DA USINA HIDRELETRICA DE BELO MONTE, COM 11.233 MW, COM GARANTIA FISICA DE 4.571 MW, NO RIO XINGU, OBJETO DO LEILAO ANEEL N§ 006/2009, DE 20/04/2009, ENTRE OS MUNICIPIOS DE VOLTA DO XINGU E ALTAMIRA(PA)",PA,18/12/2012,9814686000,Área de Infraestrutura,direto
NORTE ENERGIA S/A,Implantação da hidrelétrica de Belo Monte entre os municípios de Volta do Xingú (PA) e Altamira (PA).,"IMPLANTACAO DA USINA HIDRELETRICA DE BELO MONTE, COM 11.233 MW, COM GARANTIA FISICA DE 4.571 MW, NO RIO XINGU, OBJETO DO LEILAO ANEEL Nº 006/2009, DE 20/04/2009, ENTRE OS MUNICIPIOS DE VOLTA DO XINGU E ALTAMIRA(PA)                                                                                                                                                                                                                                                                                                                                                                                                                                                                                                                                                                                                                                                                                                              ",PA,31/03/2011,3685314000,Área de Infraestrutura,direto
NORTE ENERGIA S/A,Implantação da hidrelétrica de Belo Monte entre os municípios de Volta do Xingú (PA) e Altamira (PA).,"IMPLANTACAO DA USINA HIDRELETRICA DE BELO MONTE, COM 11.233 MW, COM GARANTIA FISICA DE 4.571 MW, NO RIO XINGU, OBJETO DO LEILAO ANEEL Nº 006/2009, DE 20/04/2009, ENTRE OS MUNICIPIOS DE VOLTA DO XINGU E ALTAMIRA(PA)                                                                                                                                                                                                                                                                                                                                                                                                                                                                                                                                                                                                                                                                                                              ",PA,16/06/2011,1087812308,Área de Infraestrutura,direto
NORTE BRASIL TRANSMISSORA DE ENERGIA S/A,Implantação da linha de transmissão Porto Velho (RO) - Araraquara (SP).,"IMPLANTACAO DA LINHA DE TRANSMISSAO PORTO VELHO (RO) - ARARAQUARA 2 (SP), EM 600 KV, COM APROXIMADAMENTE 2.375 KM DE EXTENSAO, INTEGRANTE DO SISTEMA DE TRANSMISSAO DO RIO MADEIRA.",RO,02/10/2012,1050000000,Área de Infraestrutura,direto
MUNICÍPIO RIO BRANCO,"Investimento em infraesturtura urbana, além de outros, no município de Rio Branco (AC).","IMPLANTACAO DO PROGRAMA DE DESENVOLVIMENTO INTEGRADO DA CIDADE DE RIO BRANCO (AC), ENVOLVENDO OBRAS DE INFRA-ESTRUTURA URBANA, CONSOLIDACAO DO SETOR TURISTICO, FORTALECIMENTO DA PRODUCAO AGROFLORESTAL E DESENVOLVIMENTO SOCIAL",AC,14/06/2007,32211,,Operações diretas com Estado/Município
"MUNICÍPIO DE VARZEA GRANDE
",Investimentos em saneamento e abastecimento de água no município de Várzea Grande (MT).,"REALIZAÇÃO DE INVESTIMENTOS EM SANEAMENTO AMBIENTAL, COMPREENDENDO AÇÕES RELACIONADAS A ABASTECIMENTO DE AGUA E ESGOTAMENTO SANITARIO NO AMBITO DO PMI.
","MT
",13/05/2008,7857380,Área de Inclusão Social ,direto
MUNICÍPIO DE VÁRZEA GRANDE,Investimentos em saneamento e abastecimento de água no município de Várzea Grande (MT).,"REALIZACAO DE INVESTIMENTOS EM SANEAMENTO AMBIENTAL, COMPREENDENDO ACOES RELACIONADAS A ABASTECIMENTO DE AGUA E ESGOTAMENTO SANITARIO NO AMBITO DO PMI.",MT,13/05/2008,7879,,Operações diretas com Estado/Município
"MUNICÍPIO DE SINOP
",Implantação de sistema de saneamento no município de Sinop (MT). ,"IMPLANTAÇÃO DO SISTEMA DE ESGOTAMENTO SANITARIO DE SINOP/MT, NA REGIAO CENTRAL DA CIDADE VISAMDO ATENDER A CERCA DE 40% DA POPULAÇÃO URBANA","MT
",14/01/2008,38240000,Área de Inclusão Social ,direto
MUNICÍPIO DE SINOP,Implantação de sistema de saneamento no município de Sinop (MT). ,"IMPLANTACAO DO SISTEMA DE ESGOTAMENTO SANITARIO DE SINOP/MT, NA REGIAO CENTRAL DA CIDADE VISAMDO ATENDER A CERCA DE 40% DA POPULACAO URBANA",MT,14/01/2008,35552,,Operações diretas com Estado/Município
MUNICÍPIO DE SÃO LUÍS,Investimentos no sistema de transportes no município de São Luís (MA).                                                                                                    ,"EXPANSAO DO SISTEMA INTEGRADO DE TRANSPORTES - SIT, NO MUNICIPIO DE SAO LUIS-MA, ABRANGENDO INTERVENCOES NAS PRINCIPAISVIAS, IMPLANTACAO DE CICLOVIAS, CANALIZACAO DE TRECHO, E AMPLIACAO DE UM TERMINAL DE TRANSPORTE PUBLICO",MA,20/09/2010,12350,,Operações diretas com Estado/Município
MUNICÍPIO DE SÃO LUIS,Investimentos no sistema de transportes no município de São Luís (MA).                                                                                                    ,"EXPANSÃO DO SISTEMA INTEGRADO DE TRANSPORTES - SIT, NO MUNICÍPIO DE SÃO LUÍS-MA, ABRANGENDO INTERVENÇÕES NAS PRINCIPAIS VIAS, IMPLANTAÇÃO DE CICLOVIAS, CANALIZAÇÃO DE TRECHO, BEM COMO AMPLIAÇÃO DE UM TERMINAL DE TRANSPORTE PÚBLICO                                                                                                                                                                        ",MA,20/09/2010,12350000,Área de Inclusão Social,direto
MUNICÍPIO DE RONDONÓPOLIS,Investimentos em saneamento e abastecimento de água no município de Rondonópolis (MT). ,"AMPLIACAO DO ACESSO AOS SERVICOS DE ABASTECIMENTO DE AGUA EDE ESGOTAMENTO SANITARIO A POPULACAO URBANA DE RONDONOPOLIS(MT), BEM COMO A IMPLEMENTACAO DE MELHORIAS NOS SISTEMAS EXISTENTES, VISANDO A RACIONALIZACAO DE CUSTOS E O AUMENTO DA QUALIDADE DOS SERVICOS.",MT,14/05/2008,63719,,Operações diretas com Estado/Município
MUNICÍPIO DE RONDONOPOLIS,Investimentos em saneamento e abastecimento de água no município de Rondonópolis (MT). ,"AMPLIAÇÃO DO ACESSO AOS SERVICOS DE ABASTECIMENTO DE AGUA E DE ESGOTAMENTO SANITARIO A POPULAÇÃO URBANA DE RONDONOPOLIS(MT), BEM COMO A IMPLEMENTAÇÃO DE MELHORIAS NOS SISTEMAS EXISTENTES, VISANDO A RACIONALIZAÇÃO DE CUSTOS E O AUMENTO DA QUALIDADE DOS SERVICOS.",MT,14/05/2008,63546048,Área de Inclusão Social ,direto
MUNICÍPIO DE RONDONOPOLIS,"Investimentos em saneamento e drenagem, além de outros, no município de Rondonópolis (MT).","IMPLANTAÇÃO DE PMI EM AREA DE BAIXA RENDA NO MUNICÍPIO, COMPREENDENDO: DRENAGEM URBANA, SANEAMENTO AMBIENTAL E AÇÕES SOCIAIS.",MT,14/05/2008,4934400,Área de Inclusão Social ,direto
MUNICÍPIO DE BELÉM,"Investimentos em saneamento, drenagem e urbanização no município de Belém (PA).","MPLANTACAO DE INFRAESTRUTURA DE SANEAMENTO, DE MICRO E DEMACRODRENAGEM E DE URBANIZACAO DE CARATER COMPLEMENTAR NAREGIAO DAS SUB-BACIAS 3 E 4 DA BACIA HIDROGRAFICA DA ESTRADA NOVA NO MUN-BELEM/PA",PA,09/12/2010,118065,,Operações diretas com Estado/Município
MUNICÍPIO DE BELEM,"Investimentos em saneamento, drenagem e urbanização no município de Belém (PA).","IMPLANTAÇÃO DE INFRAESTRUTURA DE SANEAMENTO, DE MICRO E DE MACRODRENAGEM E DE URBANIZAÇÃO DE CARÁTER COMPLEMENTAR NA REGIÃO DAS SUB-BACIAS 3 E 4 DA BACIA HIDROGRÁFICA DA ESTRADA NOVA NO MUN-BELEM/PA                                                                                                                                                                               ",PA,09/12/2010,118065489,Área de Inclusão Social,direto
MINERACAO RIO DO NORTE SA,Aquisição de máquinas para mineração.,AQUISICAO DE MAQUINAS E ALTERACAO DE PROCESSO PARA REDUCAO DA UMIDADE DOS PRODUTOS GRANULADO E FINO.,PA,21/06/2012,53322915,Área de Insumos Básicos,indireto
"MC LOG S/A LOGISTICA E TRANSPORTE
","Construção de balsas graneleiras, empurradores e balsa com guindaste para transporte de ferro gusa e minérios em Carajás (PA) e implantação de escola em Marabá (PA).","CONSTRUÇÃO DE DEZOITO BALSAS GRANELEIRAS, TRES EMPURRADORESE UMA BALSA COM GUINDASTE PARA TRANSPORTE DE FERRO GUSA E MINERIOS DA REGIAO DE CARAJAS.IMPLANTAÇÃO DE UMA ESCOLA PARA FLUVIARIOS, EM MARABA-PA.","PA
",26/11/2008,496248,Área de Infraestrutura,direto
MANAUS TRANSMISSORA DE ENERGIA S/A,Implantação da linha de transmissão Oriximiná (PA) - Itacoatiara (AM) - Cariri (AM) e das subestações Itacoatiara (AM) e Cariri (AM).,"IMPLANTACAO DA LINHA DE TRANSMISSAO ORIXIMINA (PA) - ITACOATIARA (AM) - CARIRI (AM), EM 500 KV, COM APROXIMADAMENTE 586 KM DE EXTENSAO, E DAS SUBESTACOES ITACOATIARA E CARIRI.                                                                                                                                                                                                                                                                                                                                                                                                                                                                                                                                                                                                                                                                                                                                                     ",AM e PA,05/10/2011,401000000,Área de Infraestrutura,direto
LIQUIGAS DISTRIBUIDORA S/A,"Construção de uma central de abastecimento em São Luís (MA), além de outros investimentos.","AMPLIACAO E MODERNIZACAO DE SEIS CENTROS OPERATIVOS DE GLP; AMPLIACAO DO DEPOSITO DE J. PESSOA-PB; CONSTRUCAO DE UMA CENTRAL DE ABASTECIMENTO DE FLEXGAS NA ALUMAR,EM SAO LUIZ-MA; E CONSTRUCAO DE UMA ESTACAO DE CONTROLE DE COMPOSICAO DE FILTRAGEM P/PROPANO E BUTANO NO CENTRO OPERATIVO DE CAPUAVA-SP.                                                                                                                                                                                                                                                                                                                                                                                                                                                                                                                                                                                                                         ",MA,05/04/2011,120782400,Área de Insumos Básicos,direto
LIQUIGAS DISTRIBUIDORA S/A,"Construção de uma central de abastecimento em São Luís (MA), além de outros investimentos.","AMPLIACAO E MODERNIZACAO DE SEIS CENTROS OPERATIVOS DE GLP; AMPLIACAO DO DEPOSITO DE J. PESSOA-PB; CONSTRUCAO DE UMA CENTRAL DE ABASTECIMENTO DE FLEXGAS NA ALUMAR,EM SAO LUIZ-MA; E CONSTRUCAO DE UMA ESTACAO DE CONTROLE DE COMPOSICAO DE FILTRAGEM P/PROPANO E BUTANO NO CENTRO OPERATIVO DE CAPUAVA-SP.                                                                                                                                                                                                                                                                                                                                                                                                                                                                                                                                                                                                                         ",MA,05/04/2011,9217600,Área de Insumos Básicos,direto
JAURU TRANSMISSORA DE ENERGIA S/A,Implantação de linha de transmissão Jauru (MT) - Vilhena (RO),"IMPLANTACAO E OPERACAO DO SISTEMA DE TRANSMISSAO LOCALIZADO NOS ESTADOS DO MT E RO, COMPOSTO PELA LINHA DE TRANSMISSAO JAURU - VILHENA, COM 354 KM DE EXTENSAO EM 230 KV, E, ADICIONALMENTE, INVESTIMENTOS SOCIAIS NAO CONTEMPLADOS NAS CONDICIONANTES DO PROCESSO DE LICENCIAMENTO AMBIENTAL.",MT e RO,26/12/2012,152800000,Área de Infraestrutura,direto
JAURU TRANSMISSORA DE ENERGIA LTDA ,Implantação de linha de transmissão Jauru (MT) - Vilhena (RO),"IMPLANTACAO E OPERACAO DO SISTEMA DE TRANSMISSAO LOCALIZADO NOS ESTADOS DO MT E RO, COMPOSTO PELA LINHA DE TRANSMISSAO JAURU - VILHENA, COM 354 KM DE EXTENSAO EM 230 KV, E, ADICIONALMENTE, INVESTIMENTOS SOCIAIS NAO CONTEMPLADOS NAS CONDICIONANTES DO PROCESSO DE LICENCIAMENTO AMBIENTAL. ",MT e RO,23/12/2009,107000000,Área de Infraestrutura,direto
ITAFOS MINERACAO LTDA,Implantação de unidade produtora de fertilizantes no município de Arraias (TO).,"IMPLANTACAO DE UNIDADE INDUSTRIAL PARA PRODUCAO INTEGRADA DE FERTILIZANTES DO TIPO SUPER FOSFATO SIMPLES(SSP) GRANULADO COM CAPACIDADE NOMINAL DE PRODUCAO DE 600 MIL T/ANO, NO MUNICIPIO DE ARRAIAS, ESTADO DO TOCANTINS,ALEM DE INVESTIMENTOS SOCIAIS NO AMBITO DA COMUNIDADE.                                                                                                                                                                                                                                                                                                                                                                                                                                                                                                                                                                                                                                  ",TO,28/10/2011,193104959,Área de Insumos Básicos,indireto
IPIRANGA PRODUTOS DE PETROLEO S/A,Investimentos em bases operacionais em diversos Estados. ,"AMPLIACAO DE TANCAGEM E MODERNIZACAO DAS BASES OPERACIONAIS E POOLS LOCALIZADOS NOS ESTADOS DE SAO PAULO, MINAS GERAIS, RIO DE JANEIRO, PARANA, RIO GRANDE DO SUL, BAHIA, MATO GROS-SO, MATO GROSSO DO SUL, PAR , AMAPA, AMAZONAS E RORAIMA.",AP e AM e MT e RO,27/04/2012,30681000,Área de Insumos Básicos,direto
INTERLIGACAO ELETRICA DO MADEIRA S/A,Implantação de linha de transmissão e subestações coletores entre Porto Velho (RO) e Araraquara (SP) ,"IMPLANTACAO DE LINHA DE TRANSMISSAO, COM EXTENSAO DE 2.375 KM, DA SUBESTACAO COLETORA PORTO VELHO - RO A SUBESTACAO ARARAQUARA - SP (COMPLEXO DO RIO MADEIRA).                                                                                                                                                                                                                                                                                                                                                                                                                                                                                                                                                                                                                                                                                                                                                                      ",RO,14/12/2011,280000000,Área de Infraestrutura,direto
INTERCEMENT BRASIL S/A,"Implantação da hidrelétrica Estreito entre os municípios de Estreito (MA), Palmeiras do Tocantins (TO) e Aguiarnópolis (TO). Projeto do PAC.","FINACIAMENTO(2008) E SUPLEMENTACAO(2010) UHE ESTREITO, COM   CAPACIDADE INSTALADA DE GERACAO DE 1.087 MW, LOCALIZADA NO TRECHO MEDIO DO RIO TOCANTINS, ENTRE OS MUNICIPIOS DE ESTREITO-MA, PALMEIRAS DO TOCANTINS-TO E AGUIARNOPOLIS-TO, BEM COMO DO SEU RESPECTIVO SIST. DE TRANSMISSAO ASSOCIADO(PAC).                                                                                                                                                                                                                                                                                                                                                                                                                                                                                                                                                                                                                            ",TO,13/06/2011,34192000,Área de Infraestrutura,direto
IMMA - INDUST. METALURGICA E MECÂNICA DA AMAZONIA LTDA.,Instalação de fábrica de equipamentos hidromecânicos e de levantamento em Rondônia.,INSTALAÇÃO DE FÁBRICA DE EQUIPAMENTOS  HIDROMECÂNICOS E DE  LEVANTAMENTO EM RONDÔNIA E INVESTIMENTOS SOCIAIS.                                                                                                                                                                                                                                                                                                                                                                                                                                                                                                                                                                                                                                                                                                                                                                                                                       ,RO,08/02/2010,71544000,Área de Insumos Básicos,direto
FERREIRA GOMES ENERGIA S/A,Construção da hidrelétrica Ferreira Gomes no município de Ferreira Gomes (AP).,"CONSTRUCAO DA USINA HIDRELETRICA FERREIRA GOMES, COM POTENCIA TOTAL INSTALADA DE 252 MW, A SER IMPLANTADA NO RIO ARAGUARI, NO MUNICIPIO DE FERREIRA GOMES - AP.",AP,28/12/2012,470610000,Área de Infraestrutura,direto
ESTADO DO PARÁ,Reestruturação do sistema viário de Belém (PA).,REESTRUTURAÇÃO DO SISTEMA VIÁRIO ALIMENTADOR DA REGIÃO METROPOLITANA DE BELÉM.                                                                                                                                                                                                              ,PA,02/07/2010,100984800,Área de Inclusão Social,indireto
ESTADO DO PARÁ,"Investimentos em saneamento, além de outros, no Estado do Pará em municípios na área de influência da Vale.","IMPLANTAÇÃO DE PROGRAMA DE INVESTIMENTOS EM SANEAMENTO, EDUCAÇÃO, SAÚDE E DESENVOLVIMENTO SOCIAL, NOS MUNICÍPIOS DO ESTADO DO PARA SITUADOS NA ÁREA DE INFLUÊNCIA DA COMPANHIA VALE DO RIO DOCE (VALE), COM RECURSOS NÃO REEMBOLS. PROVENIENTES DO FUNDO P/O DESENV. REGIONAL C/RECURSOS DA DESESTATIZAÇÃO FRD                                                                                                                                                      ",PA,30/06/2010,37958795,Área de Inclusão Social,direto
ESTADO DO PARA,"Investimentos em urbanismo e transporte, além de outros, no Estado do Pará.","IMPLANTACAO DO PROGRAMA DE INVESTIMENTOS NAS AREAS DE SAUDE, URBANISMO E INFRAESTRUTURA DE TRANSPORTE DO ESTADO DO PARA.",PA,03/09/2013,400000,,Operações diretas com Estado/Município
ESTADO DO PARA,Reestruturação do sistema viário de Belém (PA).,REESTRUTURACAO DO SISTEMA VIARIO ALIMENTADOR DA REGIAO METROPOLITANA DE BELEM,PA,02/07/2010,100985,,Operações diretas com Estado/Município
ESTADO DO PARA,"Investimentos em saneamento, além de outros, no Estado do Pará em municípios na área de influência da Vale.","IMPLANTACAO DE PROGRAMA DE INVESTIMENTOS EM SANEAMENTO, EDUCACAO, SAUDE E DESENVOLVIMENTO SOCIAL, NOS MUNICIPIOS DO ESTADO DO PARA SITUADOS NA AREA DE INFLIENCIA DA COMPANHIA VALEDO RIO DOCE(VALE), COM RECURSOS NAO REEMBOLS. PROVENIENTES DO FUNDO P/O DESENV.REGIONAL C/RECURSOS DA DESESTATIZACAO FRD",PA,30/06/2010,47789,,Operações diretas com Estado/Município
ESTADO DO PARA,"Investimentos em saneamento e abastecimento de água, além de outros, no Parque de Ciência de Tecnologia Guama (PCT Guama) no Campus da Universidade Federal do Pará.","IMPLANTACAO DE INFRA-ESTRUTURA DE URBANIZACAO, SANEAMENTO,AGUA ENERGIA E COMUNICACAO DO PARQUE DE CIENCIA E TECNOLOGIA GUAMA (PCT GUAMA) A SER INSTALADO NO CAMPUS DA UNIVERSIDADE FEDERAL DO PARA, BEM COMO A CONSTRUCAO DOS PREDIOS PARAADMINISTRACAO E PARA A INCUBADORA DE EMPRESAS",PA,29/12/2009,35700,,Operações diretas com Estado/Município
ESTADO DO MATO GROSSO,Investimentos em infraestrutura urbana e turística.,VIABILIZAR A IMPLANTAÇÃO DA INFRAESTRUTURA TURÍSTICA CONSTANTE DO PROGRAMA  DE DESENVOLVIMENTO ESTRATÉGICO DA CADEIA PRODUTIVA DO TURISMO DO ESTADO DO MATO GROSSO.,MT,06/09/2012,250000000,Área de Infraestrutura social,direto
ESTADO DO MATO GROSSO,Investimentos em infraestrutura urbana e turística.,"NVESTIMENTOS EM AMPLIACAO E MELHORIA DA INFRAESTRUTURA VIARIA CONSTANTES DO PROGRAMA MATO GROSSO INTEGRADO, SUSTENTAVELE COMPETITIVO DO ESTADO DO MATO GROSSO",MT,27/12/2012,1416670,,Operações diretas com Estado/Município
ESTADO DO MATO GROSSO,Construção da Arena Pantanal e urbanização do entorno.,VIABILIZAR A CONSTRUCAO DA ARENA MULTIUSO PANTANAL E A URBANURBANIZACAO DO SEU ENTORNO,MT,24/11/2010,392953,,Operações diretas com Estado/Município
"ESTADO DO AMAZONAS
",Construção da Ponte do Rio Negro entre os municípios de Manaus (AM) e Iranduba (AM).                                                 ,"CONSTRUÇÃO DE PONTE SOBRE O RIO NEGRO, INTERLIGANDO OS MUNICÍPIOS DE MANAUS E IRANDUBA, COM ACESSOS VIARIOS NAS DUAS MARGENS E OBRAS COMPLEMENTARES NA AREA DE INFLUENCIA DIRETA, POSSIBILITANDO IMPLEMENTAR POLITICAS PUBLICAS PARA O DESENVOLVIMENTO SOCIOECONOMICO ORGANIZADO DA RM DE MANAUS - PMI.","AM
",06/05/2008,400000000,Área de Inclusão Social ,direto
ESTADO DO AMAZONAS,Construção da Arena da Amazônia.,ELABORAÇÃO DO PROJETO EXECUTIVO DA ARENA DA AMAZONIA E SUA CONSTRUÇÃO.                                                                                                                                                                                                                ,AM,29/12/2010,400000000,Área de Inclusão Social,direto
ESTADO DO AMAZONAS,Construção da Ponte do Rio Negro entre os municípios de Manaus (AM) e Iranduba (AM).                                                 ,"EXECUÇÃO DE OBRAS PARA FINALIZAR A CONSTRUÇÃO DE PONTE SOBRE O RIO NEGRO, QUE INTERLIGARÁ OS MUNICÍPIOS DE MANAUS E IRANDUBA, POR MEIO DA CONTINUAÇÃO DA OPERAÇÃO DE FINANCIAMENTO N. 17035320001, NO ÂMBITO DO PMI                                                                                                                                                                             ",AM,29/06/2010,187726000,Área de Inclusão Social,direto
ESTADO DO AMAZONAS,Duplicação da Rodovia Estadual AM-070.,VIABILIZAR DUPLICACAO DA RODOVIA ESTADUAL AM-070.,AM,11/10/2012,164000000,Área de Infraestrutura social,direto
ESTADO DO AMAZONAS,Construção da Ponte do Rio Negro entre os municípios de Manaus (AM) e Iranduba (AM).                                                 ,"CONSTRUCAO DE PONTE SOBRE O RIO NEGRO, INTERLIGANDO OS MUNICIPIOS DE MANAUS E IRANDUBA, COM ACESSOS VIARIOS NAS DUAS MARGENS E OBRAS COMPLEMENTARES NA AREA DE INFLUENCIA DIRETA, POSSIBILITANDO IMPLEMENTAR POLITICAS PUBLICAS PARA O DESENVOLVIMENTO SOCIOECONOMICO ORGANIZADO DA RM DE MANAUS - PMI",AM,06/05/2008,401112,,Operações diretas com Estado/Município
ESTADO DO AMAZONAS,Construção da Arena da Amazônia.,ELABORACAO DO PROJETO EXECUTIVO DA ARENNAS AMAZONIA E SUA CONSTRUCAO,AM,29/12/2010,388227,,Operações diretas com Estado/Município
ESTADO DO AMAZONAS,Construção da Ponte do Rio Negro entre os municípios de Manaus (AM) e Iranduba (AM).                                                 ,"EXECUCAO DE OBRAS PARA FINALIZAR A CONSTRUCAO DE PONTE SOBRE O RIO NEGRO, QUE INTERLIGARA OS MUNICIPIOS DE MANAUS E IRANDUBA, POR MEIO DA CONTINUACAO DA OPERACAO DE FINANCIAMENTO N.17035320001, NO AMBITO DO PMI",AM,29/06/2010,187726,,Operações diretas com Estado/Município
ESTADO DO AMAZONAS,Duplicação da Rodovia Estadual AM-070.,VIABILIZAR DUPLICACAO DA RODOVIA ESTADUAL AM-070,AM,11/10/2012,164000,,Operações diretas com Estado/Município
ESTADO DO AMAZONAS,Construção da Ponte do Rio Negro entre os municípios de Manaus (AM) e Iranduba (AM).                                                 ,ELABORACAO DO PROJETO EXECUTIVO DA ARENNAS AMAZONIA E SUA CONSTRUCAO,AM,29/12/2010,11773,,Operações diretas com Estado/Município
"ESTADO DO ACRE
","Investimentos em saneamento e infraestrutura urbana, além de outros, no Estado do Acre.","FORTALECIMENTO DO TURISMO;IMPLANTAÇÃO DE INFRA-ESTRUTURA URBANA E DE SANEAMENTO, DE SAUDE E EDUCAÇÃO, DE DESENVOLVIMENTO ECONOMICO E INTEGRAÇÃO, DE COMUNICAÇÃO E DESENVOLVIMENTO SOCIAL; E MODERNIZAÇÃO DO SISTEMA DE GESTAO ESTADUAL, NO AMBITO DOS COMPONENTES I A VII DO PIDSIII.","AC
",14/04/2008,462192306,Área de Inclusão Social ,direto
ESTADO DO ACRE,"Investimentos em saneamento e infraestrutura urbana, além de outros, no Estado do Acre.","EXPANSAO DO SANEAMENTO AMBIENTAL E DA INFRAESTRUTURA URBANA, FORTALECIMENTO ECONOMICO DA PROCUCAO RUAL FAMILIAR E DO ECOTURISMO, DESENVOLVIMENTO DO SETOR INDUSTRIAL E MODERNIZACAO DA GESTAO PUBLICA, NO AMBITO DA FASE V DO PROGRAMA INTEGRADO DE DESENVOLVIMENTO SUSTENTAVEL DO ESTADO DO ACRE - PIDS V.                                                                                                                                                       ",AC,09/12/2011,641160000,Área de Inclusão Social,direto
ESTADO DO ACRE,"Investimentos em saneamento e infraestrutura urbana, além de outros, no Estado do Acre.","FORTALECIMENTO DO TURISMO;IMPLANTAÇÃO DE INFRA-ESTRUTURA URBANA E DE SANEAMENTO, DE SAUDE E EDUCAÇÃO, DE DESENVOLVIMENTO ECONOMICO E INTEGRAÇÃO, DE COMUNICAÇÃO E DESENVOLVIMENTO SOCIAL; E MODERNIZAÇÃO DO SISTEMA DE GESTAO ESTADUAL, NO AMBITO DOS COMPONENTES I A VII DO PIDSIII.",AC,14/04/2008,55073532,Área de Insumos Básicos,direto
ESTADO DO ACRE,"Investimentos em saneamento e infraestrutura urbana, além de outros, no Estado do Acre.","EXPANSAO DO SANEAMENTO AMBIENTAL E DA INFRAESTRUTURA URBANA, FORTALECIMENTO ECONOMICO DA PROCUCAO RUAL FAMILIAR E DO ECOTURISMO, DESENVOLVIMENTO DO SETOR INDUSTRIAL E MODERNIZACAO DA GESTAO PUBLICA, NO AMBITO DA FASE V DO PROGRAMA INTEGRADO DE DESENVOLVIMENTO SUSTENTAVEL DO ESTADO DO ACRE - PIDS V.",AC,09/12/2011,641160,,Operações diretas com Estado/Município
ESTADO DO ACRE,Invesitmentos variados no Estado do Acre.,IMPLANTACAO DAS FASES III E IV DO PROGRAMA DE DESENVOLVIMENTO SUSTENTAVEL DO ACRE,AC,14/04/2008,518779,,Operações diretas com Estado/Município
ESTADO DO ACRE,Invesitmentos variados no Estado do Acre.,IMPLANTACAO DAS FASES III E IV DO PROGRAMA DE DESENVOLVIMENTO SUSTENTAVEL DO ACRE,AC,04/12/2009,276281,,Operações diretas com Estado/Município
ESTADO DO ACRE,Investimentos em saneamento e abastecimento de água no Estado do Acre.,AMPLIAR A MELHORIA DE SISTEMAS DE ABASTECIMENTO DE AGUA E IMPLANTACAO DE SISTEMAS DE ESGOTAMENTO SANITARIO EM MUNICIPIOS DO INTERIOR DO ESTADO DO ACRE,AC,18/12/2012,240662,,Operações diretas com Estado/Município
ESTADO DE RONDÔNIA,Investimentos variados no Estado de Rondônia.,"AMPLIAR E MODERNIZAR A INFRAESTRUTURA SOCIAL, ECONOMICA E DA ADMINISTRACAO DO ESTADO DE RONDONIA.",RO,02/10/2012,450843,,Operações diretas com Estado/Município
ESTADO DE MATO GROSSO,Construção da Arena Pantanal e urbanização do entorno.,VIABILIZAR A CONSTRUÇÃO DA ARENA MULTIUSO PANTANAL E A URBANIZAÇÃO DO SEU ENTORNO.                                                                                                                                                                                                             ,MT,24/11/2010,392952860,Área de Inclusão Social,direto
ESTACAO TRANSMISSORA DE ENERGIA S/A,Implantação de estação retificadora de energia elétrica na subestação de Porto Velho (RO) e de estação inversora na subestação de Araraquara 2 (SP).,"IMPLANT.DA ESTACAO RETIFIC.DE CORR.ALTERNADA (CA) EM 500 KV  PARA CORR.CONTINUA (CC) EM 600 KV, COM CAPAC.PARA 3150 MW, LOCALIZ. NA SUBEST.COLETORA P.VELHO-RO E DA ESTACAO INVERSORA DE CC EM 600 KV PARA CA EM 500 KV,COM CAPAC.PARA 2950 MW, LOCALIZ.NA SUBEST.ARARAQUARA 2-SP,(LEILAO 007/08-ANEEL).                                                                                                                                                                                                                                                                                                                                                                                                                                                                                                                                                                                                                            ",RO,30/06/2011,505477000,Área de Infraestrutura,direto
EQUADOR LOG S.A.,Implantação de pátio de armazenagem para combustíveis derivados do pertróleo e biocombustível e de porto flutuante para distribuição de combustíveis em Itacoatiara (AM).,"IMPLANTACAO DE PATIO DE ARMAZENAGEM COM CAPACIDADE ESTATICA SUPERIOR A 49 MILHOES DE LITROS DE COMBUSTIVEL DERIVADOS DE PETROLEO E BIOCOMBUSTIVEL E DE PORTO FLUTUANTE PARA RECEPCAO E DISTRIBUICAO DE COMBUSTIVEIS, EM ITACOATIARA - AM.",AM,05/01/2012,73378794,Área de Infraestrutura,indireto
ENERGIA SUSTENTAVEL DO BRASIL S/A,Implantação da hidrelétrica de Jirau no município de Porto Velho (RO) e do sistema de transmissão.,"IMPLANTACAO DA UHE JIRAU, COM CAPACIDADE GERACAO DE 3.750 MW, MUNICIPIO DE PORTO VELHO-RO, BEM COMO DAS INSTALACOES DE TRANSMISSAO DE INTERESSE RESTRITO DA CENTRAL GERADORA.",RO,18/09/2012,1162500000,Área de Infraestrutura,indireto
ENERGIA SUSTENTAVEL DO BRASIL S/A,Implantação da hidrelétrica de Jirau no município de Porto Velho (RO) e do sistema de transmissão.,"IMPLANTACAO DA UHE JIRAU, COM CAPACIDADE GERACAO DE 3.750 MW, MUNICIPIO DE PORTO VELHO-RO, BEM COMO DAS INSTALACOES DE TRANSMISSAO DE INTERESSE RESTRITO DA CENTRAL GERADORA.",RO,18/09/2012,1162500000,Área de Infraestrutura,direto
ENERGIA SUSTENTÁVEL DO BRASIL S.A. ,Implantação da hidrelétrica de Jirau no município de Porto Velho (RO) e do sistema de transmissão.,"CONSTRUÇÃO DA UHE JIRAU, COM CAPACIDADE INSTALADA DE GERAÇÃO DE 3.300 MW, NO RIO MADEIRA, NO MUNICÍPIO DE PORTO VELHO-RO, BEM COMO DAS INSTALAÇÕES DE TRANSMISSÃO DE INTERESSE RESTRITO A CENTRAL GERADORA. ",RO ,29/06/2009,3635000000,Área de Infraestrutura,direto
ENERGIA SUSTENTAVEL DO BRASIL S.A. ,Implantação da hidrelétrica de Jirau no município de Porto Velho (RO) e do sistema de transmissão.,"CONSTRUCAO DA UHE JIRAU, COM CAPACIDADE INSTALADA DE GERACAO DE 3.300 MW, NO RIO MADEIRA, NO MUNICIPIO DE PORTO VELHO -RO, BEM COMO DAS INSTALACOES DE TRANSMISSAO DE INTERESSE RESTRITO A CENTRAL GERADORA. ",RO ,29/06/2009,3585000000,Área de Infraestrutura,indireto
"ENERGETICA AGUAS DA PEDRA SA
",Implantação da hidrelétrica de Dardanelos no município de Aripuanã (MT) e sistema de transmissão respectivo.,"IMPLANTAÇÃO DA USINA HIDRELETRICA (UHE) DARDANELOS, COM 261 MW DE CAPACIDADE INSTALADA, A SER LOCALIZADA NO RIO ARIPUANA, NO MUNICÍPIO DE ARIPUANA/MT, BEM COMO DO RESPECTIVO SISTEMA DE TRANSMISSAO ASSOCIADO.","MT
",07/10/2008,485090000,Área de Infraestrutura,direto
ENCRUZO NOVO TRANSMISSORA DE ENERGIA LTDA,Implantação da linha de transmissão Miranda (MA) - Encruzo Novo (MA) e da subestação Encruzo Novo (MA).,"IMPLANTACAO DA LINHA DE TRANSMISSAO MIRANDA - ENCRUZO NOVO EM 230 KV (COM 240 KM DE EXTENSAO) DA SUBESTACAO ENCRUZO NOVO EM 230/69 KV E DAS DEMAIS INSTALACOES ACESSORIAS, NO ESTADO DO MARANHAO.",MA,08/10/2012,53081000,Área de Infraestrutura,direto
EMPRESA REGIONAL DE TRANSMISSAO DE ENERGIA S/A,Implantação da subestação Castanhal em São Francisco do Pará (PA) e seccionamento da linha de transmissão Vila do Conde (PA) - Santa Maria do Pará (PA).,"IMPLANTACAO, EM CARATER DE REFORCO, DA SUBESTACAO CASTANHAL EM 230 KV, LOCALIZADA NO MUNICIPIO DE SAO FRANCISCO DO PARA - PA, E SECCIONAMENTO DA LINHA DE TRANSMISSAO VILA DO CONDE - SANTA MARIA (230 KV), VISANDO INCORPORAR A NOVA SUBESTACAO.",PA,24/03/2012,30128900,Área de Infraestrutura,direto
EMPRESA REGIONAL DE TRANSMISSAO DE ENERGIA S/A,Implantação da subestação Castanhal em São Francisco do Pará (PA) e seccionamento da linha de transmissão Vila do Conde (PA) - Santa Maria do Pará (PA).,"IMPLANTACAO, EM CARATER DE REFORCO, DA SUBESTACAO CASTANHAL EM 230 KV, LOCALIZADA NO MUNICIPIO DE SAO FRANCISCO DO PARA - PA, E SECCIONAMENTO DA LINHA DE TRANSMISSAO VILA DO CONDE - SANTA MARIA (230 KV), VISANDO INCORPORAR A NOVA SUBESTACAO.                                                                                                                                                                                                                                                                                                                                                                                                                                                                                                                                                                                                                                                                                   ",PA,24/03/2012,30128900,Área de Infraestrutura,direto
EMPRESA DE TRANSMISSAO DE ENERGIA DO MATO GROSSO S.A.,Implantação das linhas de tranmissão Cuiabá (MT) - Nobres (MT) e Nobres C2 (MT) - Nova Mutum (MT).,"IMPLANTACAO DAS LINHAS DE TRANSMISSAO CUIABA - NOBRES E NOBRES C2 - NOVA MUTUM DE 230 KV, OBJETOS DO LEILAO ANEEL Nº 005 /2009, LOTE D, LOCALIZADAS NO ESTADO DO MATO GROSSO, COM EXTENSAO TOTAL DE 235 KM.                                                                                                                                                                                                                                                                                                                                                                                                                                                                                                                                                                                                                                                                                                                         ",MT,21/12/2011,46800000,Área de Infraestrutura,direto
ECE PARTICIPACOES S/A,Implantação da hidrelétrica Santo Antônio do Jari entre os municípios de Almerim (PA) e Laranjal do Jari (AP).,"IMPLANTACAO DA UHE SANTO ANTONIO DO JARI COM 373 MW DE POTENCIA INSTALADA, LOCALIZADA NO RIO JARI, ENTRE OS MUNICIPIOS DE ALMEIRIM (PA) E LARANJAL DO JARI (AP), OBJETO DO 11§ LEILAO DE ENERGIA NOVA (2010) DA ANEEL.",AP e PA,13/12/2012,736807000,Área de Infraestrutura,direto
"CRAVARI GERAÇÃO DE ENERGIA S.A.
",Implantação da pequena central hidreétrica Bocaiúva e sistema de transmissão no município de Brasnorte (MT).,"IMPLANTAÇÃO DA PCH BOCAIUVA, NO RIO CRAVARI, MUNICÍPIO DE BRASNORTE-MT, COM CAPACIDADE INSTALADA DE 30 MW, BEM COMO DO RESPECTIVO SISTEMA DE TRANSMISSAO ASSOCIADO, NECESSARIO A INTERLIGAÇÃO COM A CENTRAIS ELETRICAS MATOGROSSENSES - CEMAT.","MT
",14/11/2008,94500000,Área de Infraestrutura,direto
COMPANHIA HIDRELETRICA TELES PIRES,Implantação da hidrelétrica de Teles Pires nos municípios de Paranaíta (MT) e Jacareacanga (PA),"IMPLANTACAO DA UHE TELES PIRES, COM 1.820 MW DE POTENCIA INSTALADA, LOCALIZADA NO RIO TELES PIRES, NOS MUNICIPIOS DE PARANAITA E JACAREACANGA, NOS ESTADOS DE MATO GROSSO E PARA, RESPECTIVAMENTE, OBJETO DO LEILAO ANEEL N§004/2010.",MT e PA,27/09/2012,1212000000,Área de Infraestrutura,direto
COMPANHIA HIDRELETRICA TELES PIRES,Implantação da hidrelétrica de Teles Pires nos municípios de Paranaíta (MT) e Jacareacanga (PA),"IMPLANTACAO DA UHE TELES PIRES, COM 1.820 MW DE POTENCIA INSTALADA, LOCALIZADA NO RIO TELES PIRES, NOS MUNICIPIOS DE PARANAITA E JACAREACANGA, NOS ESTADOS DE MATO GROSSO E PARA, RESPECTIVAMENTE, OBJETO DO LEILAO ANEEL N§004/2010.",MT e PA,27/09/2012,1200000000,Área de Infraestrutura,indireto
COMPANHIA HIDRELETRICA TELES PIRES,Implantação da hidrelétrica de Teles Pires nos municípios de Paranaíta (MT) e Jacareacanga (PA),"IMPLANTACAO DA UHE TELES PIRES, COM 1.820 MW DE POTENCIA INSTALADA, LOCALIZADA NO RIO TELES PIRES, NOS MUNICIPIOS DE PARANAITA E JACAREACANGA, NOS ESTADOS DE MATO GROSSO E PARA, RESPECTIVAMENTE, OBJETO DO LEILAO ANEEL Nº004/2010.                                                                                                                                                                                                                                                                                                                                                                                                                                                                                                                                                                                                                                                                                               ",MT e PA,14/12/2011,450000000,Área de Infraestrutura,direto
COMPANHIA ENERGETICA DO MARANHAO-CEMAR ,"Investimentos para expansão da rede, dentre outras ações.","IMPLEMENTACAO DO ""PROJETO EXPANSAO E QUALIDADE OPERACIONAL CEMAR"", DESTINADO A INVESTIMENTOS PARA IMPLANTACAO DO PROGRAMA DE COMBATE AS PERDAS COMERCIAIS DE ENERGIA, BEM COMO PARA A REALIZACAO DE NOVAS LIGACOES E RENOVACAO TECNOLOGICA. ",MA ,11/03/2008,79663000,Área de Infraestrutura,indireto
COMPANHIA ENERGETICA DO MARANHAO - CEMAR,"Investimentos para expansão da rede, dentre outras ações.","IMPLANTACAO DO PLANO DE INVESTIMENTOS PARA O PERIODO DE SETEMBRO/2011 - 2014, ABRANGENDO INVESTIMENTOS EM ATUALIZACAO    TECNOLOGICA; CONTENCAO DE PERDAS COMERCIAIS; EXPANSAO DE REDE E NOVAS LIGACOES; MELHORIA DA QUALIDADE DO FORNECIMENTO DE ENERGIA E INVEST P EXPANSAO DE SUBTRANSMISSAO DE ENERGIA",MA,13/12/2012,516487630,Área de Infraestrutura,direto
COMPANHIA ENERGETICA DO MARANHAO - CEMAR,"Investimentos para expansão da rede, dentre outras ações.","IMPLANTACAO DO PLANO DE INVESTIMENTO DA EMPRESA PARA O ANO 2010 E 2011 QUE ABRANGE INVESTIMENTOS EM ATUALIZACAO TECNOLOGICA; CONTENCAO DE PERDAS COMERCIAIS; EXPANSAO DE REDE E NOVAS LIGACOES; MELHORIA DA QUALIDADE DO FORNECIMENTO DE ENERGIA, MELHORIA DA OPERACAO DO SISTEMA E INSTALACOES ADM.                                                                                                                                                                                                                                                                                                                                                                                                                                                                                                                                                                                                                                ",MA,11/11/2011,193023432,Área de Infraestrutura,direto
CENTRAIS ELÉTRICAS DO PARA S/A- CELPA ,Investimentos para distribuição e transmissão na área de concessão da empresa.,APOIO FINANCEIRO AO PLANO DE INVESTIMENTO 2009-2011 EM DISTRIBUIÇÃO E TRANSMISSÃO NA ÁREA DE CONCESSÃO DA CELPA. ,PA ,30/11/2009,449277211,Área de Infraestrutura,direto
CATXERE TRANSMISSORA DE ENERGIA S.A,Implantação de linha de transmissão entre subestações Cuiabá (MT) e Ribeirãozinho (MT) e entre Ribeirãozinho (MT) e Rio Verde Norte (GO).                                                                                                                                                                                                                                                                                                                                                                                                                                                                                                                                                                                                                 ,"IMPLANTACAO DA LINHA DE TRANSMISSAO EM 500 KV, ENTRE A SUBESTACAO CUIABA E RIBEIRAOZINHO, - MT; E DA LINHA DE TRANSMISSAO EM 500 KV, ENTRE A SUBESTACAO RIBEIRAOZINHO E RIO VERDE NORTE - GO,  REFERENTES AO LEILAO DO COMPLEXO DO RIO MADEIRA.                                                                                                                                                                                                                                                                                                                                                                                                                                                                                                                                                                                                                                                                                     ",MT e GO,31/08/2011,193000000,Área de Infraestrutura,direto
CAMPOS DE JULIO ENERGIA S/A,Implantação da pequena central elétrica Cidezal entre os municípios de Sapezal (MT) e Campos de Júlio (MT).,"IMPLANTACAO DA PCH CIDEZAL, LOCALIZADA NO RIO JURUENA, ENTRE OS MUNICIPIOS DE SAPEZAL E CAMPOS DE JULIO, AMBOS NO ESTADO DO MATO GROSSO, COM POTENCIA TOTAL INSTALADA DE 17,0 MW, BEM COMO DA LT EM 138 KV, CIRCUITO DUPLO, COM 230 KM DE EXTENSAO",MT,01/09/2011,9350000,Área de Infraestrutura,indireto
CAMPOS DE JULIO ENERGIA S/A,Implantação da pequena central elétrica Cidezal entre os municípios de Sapezal (MT) e Campos de Júlio (MT).,"IMPLANTACAO DA PCH CIDEZAL, LOCALIZADA NO RIO JURUENA, ENTRE OS MUNICIPIOS DE SAPEZAL E CAMPOS DE JULIO, AMBOS NO ESTADO DO MATO GROSSO, COM POTENCIA TOTAL INSTALADA DE 17,0 MW, BEM COMO DA LT EM 138 KV, CIRCUITO DUPLO, COM 230 KM DE EXTENSAO, NECESSARIA PARA INTERLIGACAO A REDE BASICA.                                                                                                                                                                                                                                                                                                                                                                                                                                                                                                                                                                                                                                     ",MT,31/08/2011,9350000,Área de Infraestrutura,direto
"CAMARGO CORREA GERAÇÃO DE ENERGIA S/A
","Implantação da hidrelétrica Estreito entre os municípios de Estreito (MA), Palmeiras do Tocantins (TO) e Aguiarnópolis (TO). Projeto do PAC.","IMPLANTAÇÃO DA UHE ESTREITO, COM CAPACIDADE INSTALADA DE GERAÇÃO DE 1.087 MW, LOCALIZADA NO TRECHO MEDIO DO RIO TOCANTINS, ENTRE OS MUNICÍPIOS DE ESTREITO-MA, PALMEIRAS DO TOCANTINS-TO E AGUIARNOPOLIS-TO, BEM COMO DO SEU RESPECTIVO SISTEMA DE TRANSMISSAO ASSOCIADO (PROJETO NO AMBITO DO PAC).","TO
",20/03/2008,116232000,Área de Infraestrutura,direto
BRADO LOGISTICA S/A,"Implantação de terminal rodoferroviário em Alto Taquari (MT), expansão de câmara frigorífica em Cubatão (SP) e construção de ramal ferroviário em Cubatão (SP).","IMPLANTACAO DE TERMINAL INTERMODAL RODOFERROVIARIO EM ALTO TAQUARI - MT, EXPANSAO DE CAMARA FRIGORIFICADA EXISTENTE EM CUBATAO - SP E CONSTRUCAO DE RAMAL FERROVIARIO EM CUBATAO - SP.",MT e SP,14/02/2012,12925888,Área de Infraestrutura,direto
BRADO LOGISTICA S/A,"Implantação de terminal rodoferroviário em Alto Taquari (MT), expansão de câmara frigorífica em Cubatão (SP) e construção de ramal ferroviário em Cubatão (SP).","IMPLANTACAO DE TERMINAL INTERMODAL RODOFERROVIARIO EM ALTO TAQUARI - MT, EXPANSAO DE CAMARA FRIGORIFICADA EXISTENTE EM CUBATAO - SP E CONSTRUCAO DE RAMAL FERROVIARIO EM CUBATAO - SP.                                                                                                                                                                                                                                                                                                                                                                                                                                                                                                                                                                                                                                                                                                                                              ",MT e SP,14/02/2012,12925888,Área de Infraestrutura,direto
BAHIANA DISTRIBUIDORA DE GAS LTDA,Investimentos em diversas unidades da empresa.,"INVESTIMENTOS 2012/2013, NAS DIVERSAS UNIDADES PERTENCENTES A EMPRESA.",MA,31/10/2012,18369000,Área de Insumos Básicos,direto
ATLANTICO - CONCESS TRANSMISSAO ENERGIA DO BRASIL LTDA,Implantação da linha de transmissão Xinguara (PA) e subestações Xinguara (PA) e Carajás (PA).,"IMPLANTACAO DA LINHA DE TRANSMISSAO XINGUARA E SUBESTACOES XINGUARA E CARAJAS, ALEM DAS DEMAIS INSTALACOES ASSOCIADAS AO LOTE D, OBJETO DO LEILAO ANEEL DE LINHA DE TRANSMISSAO 001/2010.",PA,26/12/2012,42255000,Área de Infraestrutura,direto
ALUMINA LIMITED DO BRASIL S/A,Implantação de infraestrutura de mina de bauxita em Juruti (PA).,"SUPLEMENTACAO DE RECUROS PARA O PROJETO DE IMPLANTACAO DE INFRAESTRUTURA
PARA EXPLORACAO DE MINA DE BAUXITA, COM CAPACIDADE DE PRODUCAO DE 2,6 MILHOES
T/ANO, EM JURUTI - PA.",PA,04/11/2009,303810692,Área de Insumos Básicos,direto
ALUMINA LIMITED DO BRASIL S/A,Implantação de unidade em refinaria de alumina em São Luís (MA).,"SUPLEMENTACAO DE RECURSOS PARA O PROJETO DE IMPLANTACAO DA UNID. 2 DA
REFINARIA DO CONSORCIO ALUMAR, VISANDO AUMENTAR A PRODUCAO DE ALUMINA EM 2,1
MILHOES DE T/ANO, ELEVANDO A CAPACIDADE DA REFINARIA PARA 3,5 MILHOES DE T/ANO,
BEM COMO EXPANSAO DO TERMINAL PORTUARIO,AMBOS LOCALIZADOS EM SAO LUIZ-MA.",MA,04/11/2009,227235628,Área de Insumos Básicos,direto
ALL AMÉRICA LATINA LOGÍSTICA MALHA NORTE S/A ,Expansão da malha ferroviária (ex-Ferronorte) entre Alto Araguaia (MT) e Rondonópolis (MT).,"EXPANSÃO DA MALHA DA ALL - AMÉRICA LATINA LOGÍSTICA MALHA NORTE S.A. (EXFERRONORTE), COM A CONSTRUÇÃO DE CERCA DE 262 KM ENTRE ALTO ARAGUAIA ERONDONOPOLIS, ESTADO DO MATO GROSSO.",MT ,06/08/2009,691951500,Área de Infraestrutura,direto
ALL AMÉRICA LATINA LOGÍSTICA MALHA NORTE S/A ,Invesitmentos geras na malha ferrovirária.,"IMPLANTAÇÃO DO PLANO DE INVESTIMENTOS 2009/2012 DO GRUPO ALL, REFERENTE AS EMPRESAS AMÉRICA LATINA LOGÍSTICA MALHA SUL S/A., FERRONORTE S/A. - FERROVIAS NORTE BRASIL, FERROBAN-FERROVIAS BANDEIRANTES S/A. E FERROVIA NOVOESTE S/A. ",MT ,11/09/2009,373221157,Área de Infraestrutura,direto
"ALCOA ALUMINIO S/A
","Implantação da hidrelétrica Estreito entre os municípios de Estreito (MA), Palmeiras do Tocantins (TO) e Aguiarnópolis (TO). Projeto do PAC.","IMPLANTAÇÃO DA UHE ESTREITO, COM CAPACIDADE INSTALADA DE GERAÇÃO DE 1.087 MW, LOCALIZADA NO TRECHO MEDIO DO RIO TOCANTINS, ENTRE OS MUNICÍPIOS DE ESTREITO-MA, PALMEIRAS DO TOCANTINS-TO E AGUIARNOPOLIS-TO, BEM COMO DO SEU RESPECTIVO SISTEMA DE TRANSMISSAO ASSOCIADO (PROJETO NO AMBITO DO PAC).","TO
",20/03/2008,687286400,Área de Infraestrutura,direto
ALCOA ALUMINIO S/A,Implantação de infraestrutura de mina de bauxita em Juruti (PA).,"IMPLANTACAO DE INFRA-ESTRUTURA PARA EXPLORACAO DE MINA DE BAUXITA, COM
CAPACIDADE DE PRODUCAO DE 2,6 MILHOES T/ANO, EM JURUTI-PA.",PA,02/04/2009,745141596,Área de Insumos Básicos,direto
ALCOA ALUMINIO S/A,Implantação de unidade em refinaria de alumina em São Luís (MA).,"IMPLANTAÇÃO DA UNIDADE 2 DA REFINARIA DO CONSORCIO ALUMAR, COM OBJETIVO DE
AUMENTAR A PRODUÇÃO DE ALUMINA EM 2,1 MILHOES DE T/ANO, EM SAO LUIS-MA.","MA
",14/02/2008,650285366,Área de Insumos Básicos,direto
ALCOA ALUMINIO S/A,Implantação de unidade em refinaria de alumina em São Luís (MA).,"IMPLANTACAO DA UNIDADE 2 DA REFINARIA DO CONSORCIO ALUMAR, COM OBJETIVO DE
AUMENTAR A PRODUCAO DE ALUMINA EM 2,1 MILHOES DE T/ANO, EM SAO LUIS-MA (E SUA
SUPLEMENTACAO)",MA,,198704426,Área de Insumos Básicos,direto
AGUAS DO AMAZONAS S/A ,Investimentos em saneamento e abastecimento de água em Manaus (AM).,"INVESTIMENTOS NO SISTEMA DE ABASTECIMENTO DE AGUA, DO PROGRAMA DE REDUCAO DE PERDAS E SISTEMAS DE ESGOTAMENTO SANITARIO DA EMPRESA, NO MUNICIPIO DE MANAUS-AM. ",AM ,10/02/2009,60000000,Área de Inclusão Social,indireto
AGUAS DO AMAZONAS S/A ,Investimentos em saneamento e abastecimento de água em Manaus (AM).,"INVESTIMENTOS NO SISTEMA DE ABASTECIMENTO DE AGUA, DO PROGRAMA DE REDUCAO DE PERDAS E SISTEMAS DE ESGOTAMENTO SANITARIO DA EMPRESA, NO MUNICIPIO DE MANAUS-AM. ",AM ,19/01/2009,60000000,Área de Inclusão Social,direto